step_num,current_text,mutated_text,current_text_len,mutated_text_len,quality_preserved,quality_analysis,watermark_detected,watermark_score,backtrack,timestamp
-1,"Evan, an American tourist, found himself mesmerized not only by the enchanting streets of Paris during its vibrant spring festival but also by Emilie, a lively barista with an infectious smile that lit up the cozy café where they first met. Amidst the floral aromas and the pastel hues that adorned the city, their initial conversation sparked over shared espressos, revealing a mutual love for art and the irresistible charm of Paris.

As the festival's joy spilled over the banks of the Seine, Evan and Emilie found themselves wandering along its storied pathways, their steps synchronized with the rhythmic flow of the river. The city, alive with the spirit of spring, provided a picturesque backdrop to their blossoming connection. Their walks became a canvas for shared laughter and intimate stories, painting a vivid picture of two souls unexpectedly intertwining.

Exploring quaint, cobbled streets and hidden art galleries, Evan and Emilie discovered not just the city’s hidden gems but also the depths of their compatibility. Each shared moment, from marveling at the intricate beauty of Notre Dame to savoring the delicate flavors of French cuisine, deepened their connection, weaving a tapestry of memories that transcended the fleeting nature of time.

As the spring festival reached its crescendo, so did their affection for each other, a testament to the magical serendipity of Paris. Amidst the city's timeless beauty, Evan and Emilie found something even more enduring – a love story that began with a simple cup of coffee and blossomed under the Parisian sky.","Evan, an American tourist, found himself mesmerized not only by the enchanting streets of Paris during its vibrant spring festival but also by Emilie, a lively barista with an infectious smile that lit up the cozy café where they first met. Amidst the floral aromas and the pastel hues that adorned the city, their initial conversation sparked over shared espressos, revealing a mutual love for art and the irresistible charm of Paris.

As the festival's joy spilled over the banks of the Seine, Evan and Emilie found themselves wandering along its storied pathways, their steps synchronized with the rhythmic flow of the river. The city, alive with the spirit of spring, provided a picturesque backdrop to their blossoming connection. Their walks became a canvas for shared laughter and intimate stories, painting a vivid picture of two souls unexpectedly intertwining.

Exploring quaint, cobbled streets and hidden art galleries, Evan and Emilie discovered not just the city’s hidden gems but also the depths of their compatibility. Each shared moment, from marveling at the intricate beauty of Notre Dame to savoring the delicate flavors of French cuisine, deepened their connection, weaving a tapestry of memories that transcended the fleeting nature of time.

As the spring festival reached its crescendo, so did their affection for each other, a testament to the magical serendipity of Paris. Amidst the city's timeless beauty, Evan and Emilie found something even more enduring – a love story that began with a simple cup of coffee and blossomed under the Parisian sky.",252,252,True,No analysis.,False,False,False,2024-03-29 01:04:44
0,"Evan, an American tourist, found himself mesmerized not only by the enchanting streets of Paris during its vibrant spring festival but also by Emilie, a lively barista with an infectious smile that lit up the cozy café where they first met. Amidst the floral aromas and the pastel hues that adorned the city, their initial conversation sparked over shared espressos, revealing a mutual love for art and the irresistible charm of Paris.

As the festival's joy spilled over the banks of the Seine, Evan and Emilie found themselves wandering along its storied pathways, their steps synchronized with the rhythmic flow of the river. The city, alive with the spirit of spring, provided a picturesque backdrop to their blossoming connection. Their walks became a canvas for shared laughter and intimate stories, painting a vivid picture of two souls unexpectedly intertwining.

Exploring quaint, cobbled streets and hidden art galleries, Evan and Emilie discovered not just the city’s hidden gems but also the depths of their compatibility. Each shared moment, from marveling at the intricate beauty of Notre Dame to savoring the delicate flavors of French cuisine, deepened their connection, weaving a tapestry of memories that transcended the fleeting nature of time.

As the spring festival reached its crescendo, so did their affection for each other, a testament to the magical serendipity of Paris. Amidst the city's timeless beauty, Evan and Emilie found something even more enduring – a love story that began with a simple cup of coffee and blossomed under the Parisian sky.","Evan, an American tourist, found himself captivated not only by the enchanting streets of Paris during its vibrant spring festival but also by Emilie, a lively barista with an infectious grin that illuminated the quaint café where they first met. Among the floral scents and pastel hues that adorned the city, their initial conversation ignited over shared espressos, unveiling a mutual appreciation for art and the irresistible allure of Paris. As the festival's merriment overflowed along the Seine, Evan and Emilie found themselves meandering along its storied pathways, their strides in harmony with the rhythmic flow of the river. The city, alive with the essence of spring, provided a stunning backdrop to their burgeoning relationship. Their strolls transformed into canvases for shared laughter and private narratives, illustrating a vibrant portrait of two souls serendipitously intertwining. Exploring charming, cobblestone alleys and secluded art galleries, Evan and Emilie unearthed not just the city's hidden treasures but also the richness of their affinity. Each shared instant, from admiring the exquisite craftsmanship of Notre Dame to indulging in the subtle nuances of French gastronomy, further solidified their bond, creating a tapestry of memories that defied the ephemeral nature of time. During the pinnacle of the spring festival, their love for each other also intensified profoundly, reflecting the whimsical magic and fortunate timing inherent to Paris. Amidst the city's ageless splendor, Evan and Emilie uncovered something far more enduring - a love story born from a simple encounter over coffee beneath the Parisian sky.",252,249,False,"In comparing Response A and Response B, both are excellent and demonstrate a high level of writing skill. However, Response A is slightly better in terms of simplicity and clarity. While Response B uses a more varied vocabulary, which is nice, it also introduces some repetition (e.g., 'vibrant' and 'Paris') that makes it slightly less clear and simple than Response A. Both responses fully adhere to the prompt, are grammatically correct, fluid, helpful, relevant, accurate, deep, consistent, and meet the criteria of being simple and clear.",False,False,False,2024-03-29 01:05:46
1,"Evan, an American tourist, found himself mesmerized not only by the enchanting streets of Paris during its vibrant spring festival but also by Emilie, a lively barista with an infectious smile that lit up the cozy café where they first met. Amidst the floral aromas and the pastel hues that adorned the city, their initial conversation sparked over shared espressos, revealing a mutual love for art and the irresistible charm of Paris.

As the festival's joy spilled over the banks of the Seine, Evan and Emilie found themselves wandering along its storied pathways, their steps synchronized with the rhythmic flow of the river. The city, alive with the spirit of spring, provided a picturesque backdrop to their blossoming connection. Their walks became a canvas for shared laughter and intimate stories, painting a vivid picture of two souls unexpectedly intertwining.

Exploring quaint, cobbled streets and hidden art galleries, Evan and Emilie discovered not just the city’s hidden gems but also the depths of their compatibility. Each shared moment, from marveling at the intricate beauty of Notre Dame to savoring the delicate flavors of French cuisine, deepened their connection, weaving a tapestry of memories that transcended the fleeting nature of time.

As the spring festival reached its crescendo, so did their affection for each other, a testament to the magical serendipity of Paris. Amidst the city's timeless beauty, Evan and Emilie found something even more enduring – a love story that began with a simple cup of coffee and blossomed under the Parisian sky.","Evan, an American tourist, found himself captivated not only by the enchanting streets of Paris during its vibrant spring festival but also by Emilile, a vivacious barista with a contagious grin, who first served him in the cozy café where they met. The festival brought floral scents and pastel tones to the city, providing a charming setting for their initial encounter. Their first conversation unfolded over shared espressos, revealing a mutual appreciation for art and a magnetic pull towards Paris.

As the festival's energy spilled over the banks of the Seine, Evan and Emilie found themselves meandering along its historic paths, their strides harmonizing with the rhythmic flow of the river. The city, pulsating with the essence of spring, set the stage for their deepening bond. Their strolls transformed into canvases for shared laughter and heartfelt conversations, illustrating a vivid portrait of two souls intertwining.

Exploring quaint, cobbled alleys and secretive art galleries, Evan and Emilie unearthed not just the city's hidden treasures but also the extent of their affinity. Every shared moment, from admiring the exquisite architecture of Notre Dame to savoring the refined tastes of French cuisine, fortified their connection, creating a collection of memories that defied the transient nature of time.

As the spring festival reached its climax, so too did their affection for each other, a tribute to the magical happenstance of Paris. Among the city's timeless beauty, Evan and Emilie discovered something far more enduring - a love story that started with a simple cup of coffee and bloomed beneath the Parisian sky.",252,258,False,"Both responses largely adhere to the prompt, demonstrating a strong grasp of grammar, fluency, helpfulness, relevance, accuracy, depth, consistency, simplicity and clarity. However, Response A has a slight edge due to its slightly more engaging language and more vivid descriptions.",False,False,False,2024-03-29 01:06:33
2,"Evan, an American tourist, found himself mesmerized not only by the enchanting streets of Paris during its vibrant spring festival but also by Emilie, a lively barista with an infectious smile that lit up the cozy café where they first met. Amidst the floral aromas and the pastel hues that adorned the city, their initial conversation sparked over shared espressos, revealing a mutual love for art and the irresistible charm of Paris.

As the festival's joy spilled over the banks of the Seine, Evan and Emilie found themselves wandering along its storied pathways, their steps synchronized with the rhythmic flow of the river. The city, alive with the spirit of spring, provided a picturesque backdrop to their blossoming connection. Their walks became a canvas for shared laughter and intimate stories, painting a vivid picture of two souls unexpectedly intertwining.

Exploring quaint, cobbled streets and hidden art galleries, Evan and Emilie discovered not just the city’s hidden gems but also the depths of their compatibility. Each shared moment, from marveling at the intricate beauty of Notre Dame to savoring the delicate flavors of French cuisine, deepened their connection, weaving a tapestry of memories that transcended the fleeting nature of time.

As the spring festival reached its crescendo, so did their affection for each other, a testament to the magical serendipity of Paris. Amidst the city's timeless beauty, Evan and Emilie found something even more enduring – a love story that began with a simple cup of coffee and blossomed under the Parisian sky.","Revised Text:

Evan, an American tourist, found himself captivated not only by the enchanting streets of Paris during its vibrant spring festival but also by Emilie, a lively barista, whose radiant smile illuminated the quaint café where they first met. Amidst the fragrant floral scents and pastel-hued streets, their initial encounter unfolded over shared espressos, revealing a mutual appreciation for art and a magnetic pull towards the bewitching charm of Paris. As the merriment of the festival spilled over the banks of the Seine, Evan and Emilie discovered themselves meandering along its historic thoroughfares, their strides in harmony with the rhythmic pulse of the river. The city, brimming with life and the essence of spring, served as a perfect tableau for their burgeoning relationship. Their strolls transformed into a canvas for amusing exchanges and heartfelt confessions, crafting an exquisite montage of two souls entwining together. Traversing quaint, cobblestone alleys and concealed art galleries, Evan and Emilie unearthed the city's hidden treasures alongside plumbing the depths of their affinity for each other. Every shared experience, from beholding the ornate splendor of Notre Dame to indulging in the refined tastes of French fare, fortified their connection, creating a rich tapestry of memories that defied the transient nature of time. As the spring festivity reached its zenith, so too did their affections for one another, standing as a glowing testament to the whimsical happenstance of Paris. Beneath the city's enduring allure, Evan and Emilie uncovered something immutable - a love story that unfurled amidst the humble beginnings of a single cup of coffee and flourished beneath the expansive canopy of the Parisian heavens.",252,270,False,"Response A and Response B are both high-quality and demonstrate a strong understanding of the prompt. However, Response A is chosen due to its slightly clearer language and simpler sentence structures, making it more accessible to a broader audience. Both responses show a comparable level of adherence to the prompt, grammatical correctness, fluency, helpfulness, relevance, accuracy, depth, consistency, simplicity, and clarity.",False,False,False,2024-03-29 01:07:24
3,"Evan, an American tourist, found himself mesmerized not only by the enchanting streets of Paris during its vibrant spring festival but also by Emilie, a lively barista with an infectious smile that lit up the cozy café where they first met. Amidst the floral aromas and the pastel hues that adorned the city, their initial conversation sparked over shared espressos, revealing a mutual love for art and the irresistible charm of Paris.

As the festival's joy spilled over the banks of the Seine, Evan and Emilie found themselves wandering along its storied pathways, their steps synchronized with the rhythmic flow of the river. The city, alive with the spirit of spring, provided a picturesque backdrop to their blossoming connection. Their walks became a canvas for shared laughter and intimate stories, painting a vivid picture of two souls unexpectedly intertwining.

Exploring quaint, cobbled streets and hidden art galleries, Evan and Emilie discovered not just the city’s hidden gems but also the depths of their compatibility. Each shared moment, from marveling at the intricate beauty of Notre Dame to savoring the delicate flavors of French cuisine, deepened their connection, weaving a tapestry of memories that transcended the fleeting nature of time.

As the spring festival reached its crescendo, so did their affection for each other, a testament to the magical serendipity of Paris. Amidst the city's timeless beauty, Evan and Emilie found something even more enduring – a love story that began with a simple cup of coffee and blossomed under the Parisian sky.","Evan, an American tourist, found himself captivated not only by the enchanting streets of Paris during its vibrant spring festival but also by Emilile, a lively barista with a radiant smile that illuminated the quaint café where they first met. It was in the midst of fragrant floral scents and soft pastel tones that adorned the city, their initial conversation unfolded over espressos, sharing their mutual admiration for art and an inexplicable pull towards Paris's charm. As the jovial atmosphere of the festival spilled over the banks of the Seine, Evan and Emilie found themselves meandering along its historic passageways, their strides harmonizing with the rhythmic pulse of the river. The city, bursting with the life of spring, offered a stunning panorama for their burgeoning relationship. Their strolls transformed into a canvas for shared amusement and heartfelt exchanges, crafting a vivid image of two spirits intertwining in the most unforeseen ways. Traversing narrow, cobblestone alleys and uncovering secretive art galleries, Evan and Emilie unveiled not just the city's best-kept treasures but also the vast expanse of their affinity for each other. Every shared encounter, from appreciating the ornate architecture of Notre Dame to indulging in the subtle nuances of French gastronomy, further cemented their bond, creating a tapestry of moments that defied the transient nature of time. As the spring festival reached its pinnacle, so did their devotion for one another, standing as a testament to the magical synchronicity of Paris. Amongst the city's eternal elegance, Evan and Emilie found something far more precious - a love story that commenced with a humble cup of coffee and bloomed beneath the Parisian heavens.",252,272,False,"Response A and Response B both accurately follow the prompt and are grammatically correct, fluent, helpful, relevant, and clear. However, Response A demonstrates superior qualities in terms of accuracy, depth, consistency, simplicity, and adherence to the word limit. The differences lie in the details: Response B uses 'radiant' instead of 'infectious' for Emilie's smile, 'historic' instead of'storied', 'unforeseen' rather than 'unexpectedly', 'intertwining' instead of 'compatible', and 'heavens' instead of'sky'. While these choices do not significantly impact the overall quality, the variations can slightly disrupt the consistency of the narrative. Additionally, Response B exceeds the word limit. Lastly, Response A has a more active voice (e.g., 'provided' vs 'offered') and utilizes more varied vocabulary, contributing to its edge in depth and simplicity.",False,False,False,2024-03-29 01:08:24
4,"Evan, an American tourist, found himself mesmerized not only by the enchanting streets of Paris during its vibrant spring festival but also by Emilie, a lively barista with an infectious smile that lit up the cozy café where they first met. Amidst the floral aromas and the pastel hues that adorned the city, their initial conversation sparked over shared espressos, revealing a mutual love for art and the irresistible charm of Paris.

As the festival's joy spilled over the banks of the Seine, Evan and Emilie found themselves wandering along its storied pathways, their steps synchronized with the rhythmic flow of the river. The city, alive with the spirit of spring, provided a picturesque backdrop to their blossoming connection. Their walks became a canvas for shared laughter and intimate stories, painting a vivid picture of two souls unexpectedly intertwining.

Exploring quaint, cobbled streets and hidden art galleries, Evan and Emilie discovered not just the city’s hidden gems but also the depths of their compatibility. Each shared moment, from marveling at the intricate beauty of Notre Dame to savoring the delicate flavors of French cuisine, deepened their connection, weaving a tapestry of memories that transcended the fleeting nature of time.

As the spring festival reached its crescendo, so did their affection for each other, a testament to the magical serendipity of Paris. Amidst the city's timeless beauty, Evan and Emilie found something even more enduring – a love story that began with a simple cup of coffee and blossomed under the Parisian sky.","Evan, a traveler from America, found himself captivated not only by the spellbinding streets of Paris during its animated spring festival but also by Emilile, a vivacious barista with a radiant smile that brightened the snug café where they initially crossed paths. Surrounded by the fragrances of blooming flowers and the soft tones that decorated the city, their preliminary discussion ignited over mutual espressos, uncovering a common appreciation for art and the undeniable allure of Paris. While the enthusiasm of the festival spilled onto the shores of the Seine, Evan and Emilie unintentionally stumbled upon its historical passageways, their paces harmonizing with the rhythmic flow of the river. The city, pulsating with the energy of spring, offered a charming setting for their burgeoning relationship. Their strolls transformed into a canvas for shared amusement and private narratives, crafting a vivid image of two spirits in serendipitous union. Traversing quaint, narrow alleys and obscured art galleries, Evan and Emilie uncovered not just the city's secret treasures but also the extent of their affinity. Every shared instant, from admiring the ornate details of Notre Dame to delighting in the subtle tastes of French cuisine, fortified their bond, creating a collection of memories that defied the transient nature of time. As the spring festival approached its climax, so too did their fondness for one another, symbolizing the magical synchronicity of Paris. Within the city's ageless beauty, Evan and Emilie unearthed something far more lasting - a love story that commenced with a humble cup of coffee and flourished beneath the Parisian heavens.",252,258,False,"In terms of adherence to the prompt, both responses accurately follow the given instructions. However, Response A uses 'Evan' consistently while Response B alternates between 'Evian' and 'Emilie', which affects fluency and consistency. Both responses are grammatically correct and helpful, providing relevant and accurate information. Response A goes into slightly more depth regarding the development of their relationship, making it seem richer and more engaging. Both are clear and simple. Overall, Response A has a slightly higher quality due to its consistent use of character names and greater depth.",False,False,False,2024-03-29 01:09:15
5,"Evan, an American tourist, found himself mesmerized not only by the enchanting streets of Paris during its vibrant spring festival but also by Emilie, a lively barista with an infectious smile that lit up the cozy café where they first met. Amidst the floral aromas and the pastel hues that adorned the city, their initial conversation sparked over shared espressos, revealing a mutual love for art and the irresistible charm of Paris.

As the festival's joy spilled over the banks of the Seine, Evan and Emilie found themselves wandering along its storied pathways, their steps synchronized with the rhythmic flow of the river. The city, alive with the spirit of spring, provided a picturesque backdrop to their blossoming connection. Their walks became a canvas for shared laughter and intimate stories, painting a vivid picture of two souls unexpectedly intertwining.

Exploring quaint, cobbled streets and hidden art galleries, Evan and Emilie discovered not just the city’s hidden gems but also the depths of their compatibility. Each shared moment, from marveling at the intricate beauty of Notre Dame to savoring the delicate flavors of French cuisine, deepened their connection, weaving a tapestry of memories that transcended the fleeting nature of time.

As the spring festival reached its crescendo, so did their affection for each other, a testament to the magical serendipity of Paris. Amidst the city's timeless beauty, Evan and Emilie found something even more enduring – a love story that began with a simple cup of coffee and blossomed under the Parisian sky.","Evan, a traveler from America, found himself captivated not only by the spellbinding streets of Paris during its animated spring festival but also by Emilile, a vivacious barista with a contagious grin, who first served him in the cozy café where they met. The allure of the floral scents and pastel shades that embellished the city made their initial discussion, which started over shared espressos, uncover a common appreciation for art and the irresistible appeal of Paris. As the exuberance of the festival overflowed onto the banks of the Seine, Evan and Emilie discovered themselves meandering along its historic trails, their strides matching the rhythmic pulse of the river. In the lively ambiance of spring's energy, the city provided the backdrop for the blooming bond between them. Their strolls turned into a canvas for mutual amusement and heartfelt exchanges, crafting a vibrant image of two spirits entwining harmoniously. Traversing charming, narrow alleys and secretive art galleries, Evan and Emilie unearthed not just the city's hidden treasures but also the richness of their affinity. Each shared instant, from admiring the ornate architecture of Notre Dame to delighting in the subtle nuances of French gastronomy, strengthened their attachment, creating a collection of memories that defied the transient characteristic of time. As the spring festival approached its pinnacle, so did their fondness for each other, symbolizing the bewitching fortune of Paris. Among the city's eternal elegance, Evan and Emilie unveiled something far more lasting - a love story that commenced with a basic cup of coffee and flourished beneath the Parisian heavens.",252,259,False,"In comparing Response A and Response B, both are well-written and demonstrate a clear understanding of the prompt. However, Response A has a slight edge due to its simpler language and structure, making it easier to read and understand without losing depth. Both responses show strong adherence to the prompt, grammatical correctness, fluency, helpfulness, relevance, accuracy, and consistency. However, Response A demonstrates greater clarity and conciseness, avoiding redundancy while still providing engaging detail.",False,False,False,2024-03-29 01:10:12
6,"Evan, an American tourist, found himself mesmerized not only by the enchanting streets of Paris during its vibrant spring festival but also by Emilie, a lively barista with an infectious smile that lit up the cozy café where they first met. Amidst the floral aromas and the pastel hues that adorned the city, their initial conversation sparked over shared espressos, revealing a mutual love for art and the irresistible charm of Paris.

As the festival's joy spilled over the banks of the Seine, Evan and Emilie found themselves wandering along its storied pathways, their steps synchronized with the rhythmic flow of the river. The city, alive with the spirit of spring, provided a picturesque backdrop to their blossoming connection. Their walks became a canvas for shared laughter and intimate stories, painting a vivid picture of two souls unexpectedly intertwining.

Exploring quaint, cobbled streets and hidden art galleries, Evan and Emilie discovered not just the city’s hidden gems but also the depths of their compatibility. Each shared moment, from marveling at the intricate beauty of Notre Dame to savoring the delicate flavors of French cuisine, deepened their connection, weaving a tapestry of memories that transcended the fleeting nature of time.

As the spring festival reached its crescendo, so did their affection for each other, a testament to the magical serendipity of Paris. Amidst the city's timeless beauty, Evan and Emilie found something even more enduring – a love story that began with a simple cup of coffee and blossomed under the Parisian sky.","""Evan, a tourist from America, found himself captivated not only by the spellbinding streets of Paris during its animated spring festival, but also by Emilile, a vivacious barista with a radiant smile that illuminated the snug café where they first crossed paths. Surrounded by the fragrant scents of blooming flowers and the soft pastel tones that adorned the city, their inaugural discussion ignited over shared espressos, unveiling a shared admiration for art and the irresistible allure of Paris. As the jubilant atmosphere of the festival overflowed onto the banks of the Seine, Evan and Emilie found themselves meandering along its historic passages, their strides harmonizing with the rhythmic pulse of the river. The city, brimming with vitality and the essence of spring, served as a stunning panorama for their burgeoning relationship. Their strolls transformed into a canvas for shared amusement and heartfelt confessions, crafting a vibrant tableau of two spirits intertwining unexpectedly. Traversing quaint, cobblestone alleys and covert art galleries, Evan and Emilie unearthed not only the city's hidden treasures but also the richness of their connection. Each shared experience, from appreciating the ornate architecture of Notre Dame to delighting in the subtle nuances of French culinary artistry, reinforced their bond, creating a tapestry of recollections that defied the transient nature of time. During the pinnacle of the spring festivities, their sentiments for each other deepened, reflecting the whimsical yet fateful dance of love in Paris. Amidst the city's eternal beauty, Evan and Emilie uncovered something far more enduring - a love story that unfolded from a casual encounter over a cup of coffee beneath the Parisian heavens.""",252,268,False,"Both responses are well-written and adhere to the prompt. They are grammatically correct, fluent, helpful, relevant, and accurate. However, Response A is simpler and clearer, using fewer words to convey the same meaning. It also has a more engaging beginning, making it more appealing to the reader. Therefore, Response A is better than Response B.",False,False,False,2024-03-29 01:10:56
7,"Evan, an American tourist, found himself mesmerized not only by the enchanting streets of Paris during its vibrant spring festival but also by Emilie, a lively barista with an infectious smile that lit up the cozy café where they first met. Amidst the floral aromas and the pastel hues that adorned the city, their initial conversation sparked over shared espressos, revealing a mutual love for art and the irresistible charm of Paris.

As the festival's joy spilled over the banks of the Seine, Evan and Emilie found themselves wandering along its storied pathways, their steps synchronized with the rhythmic flow of the river. The city, alive with the spirit of spring, provided a picturesque backdrop to their blossoming connection. Their walks became a canvas for shared laughter and intimate stories, painting a vivid picture of two souls unexpectedly intertwining.

Exploring quaint, cobbled streets and hidden art galleries, Evan and Emilie discovered not just the city’s hidden gems but also the depths of their compatibility. Each shared moment, from marveling at the intricate beauty of Notre Dame to savoring the delicate flavors of French cuisine, deepened their connection, weaving a tapestry of memories that transcended the fleeting nature of time.

As the spring festival reached its crescendo, so did their affection for each other, a testament to the magical serendipity of Paris. Amidst the city's timeless beauty, Evan and Emilie found something even more enduring – a love story that began with a simple cup of coffee and blossomed under the Parisian sky.","Evan, an American tourist, found himself captivated not only by the enchanting streets of Paris during its vibrant spring festival but also by Emilie, a vivacious barista with an infectious grin, who illuminated the snug café where they first met. Amidst the fragrances of blossoms and the pastel tones that adorned the city, their maiden discussion ignited over shared espressos, unearthing a mutual appreciation for art and the undeniable allure of Paris. As the festival's merriment overflowed onto the banks of the Seine, Evan and Emilie discovered themselves meandering along its storied pathways, their strides in harmony with the rhythmic pulse of the river. The city, brimming with the vitality of spring, offered a charming panorama for their burgeoning bond. Their strolls transformed into a canvas for shared amusement and profound confessions, crafting a vivid illustration of two spirits entwined in an unforeseen dance. While navigating quaint, cobblestone alleys and clandestine art galleries, Evan and Emilie unveiled not just the city's secret treasures but also plumbed the depths of their resonance. Every shared instant, from admiring the exquisite detail of Notre Dame to savoring the refined tastes of French gastronomy, fortified their connection, creating a tapestry of experiences transcending the transient nature of moments. As the spring festival reached its pinnacle, so too did their affections for one another, standing as a testament to the whimsical serendipity kindled in Paris. Amidst the enduring allure of the city, Evan and Emilie uncovered something far-reaching - a narrative of love commencing over a simple cup of coffee and flourishing beneath the boundless heavens of Paris.",252,263,False,"Both responses are well-written and adhere to the prompt. They are grammatically correct, fluent, helpful, relevant, and accurate. However, Response A is clearer and simpler, making it easier to understand. It uses words that are more commonly used, which can make it more accessible to a wider audience. On the other hand, Response B uses a more sophisticated vocabulary, which can be appreciated by some but may be a barrier for others. In terms of depth, both responses provide a detailed account of the story, but Response A seems to delve a bit deeper into the characters' emotions and thoughts. Both responses are consistent and demonstrate a good understanding of the prompt. Overall, Response A is slightly better than Response B due to its clarity and simplicity.",False,False,False,2024-03-29 01:11:50
8,"Evan, an American tourist, found himself mesmerized not only by the enchanting streets of Paris during its vibrant spring festival but also by Emilie, a lively barista with an infectious smile that lit up the cozy café where they first met. Amidst the floral aromas and the pastel hues that adorned the city, their initial conversation sparked over shared espressos, revealing a mutual love for art and the irresistible charm of Paris.

As the festival's joy spilled over the banks of the Seine, Evan and Emilie found themselves wandering along its storied pathways, their steps synchronized with the rhythmic flow of the river. The city, alive with the spirit of spring, provided a picturesque backdrop to their blossoming connection. Their walks became a canvas for shared laughter and intimate stories, painting a vivid picture of two souls unexpectedly intertwining.

Exploring quaint, cobbled streets and hidden art galleries, Evan and Emilie discovered not just the city’s hidden gems but also the depths of their compatibility. Each shared moment, from marveling at the intricate beauty of Notre Dame to savoring the delicate flavors of French cuisine, deepened their connection, weaving a tapestry of memories that transcended the fleeting nature of time.

As the spring festival reached its crescendo, so did their affection for each other, a testament to the magical serendipity of Paris. Amidst the city's timeless beauty, Evan and Emilie found something even more enduring – a love story that began with a simple cup of coffee and blossomed under the Parisian sky.","As an American tourist, Evan found himself captivated not only by the bustling spring festival that brought Paris' streets to life, but also by Emilie, a lively barista whose radiant smile illuminated the cozy café where they first met. Amidst the floral aromas and pastel hues that adorned the city, their initial conversation flowed freely over shared espressos, revealing a mutual love for art and the irresistible charm of Paris.

As the festival's joy spilled over the banks of the Seine, Evan and Emilie found themselves meandering along its storied pathways, their steps syncopated with the rhythmic flow of the river. The vibrant city, alive with the spirit of spring, offered a picturesque backdrop to their budding relationship. These walks transformed into a canvas filled with shared laughter and intimate stories, painting a vivid image of two souls harmoniously intertwining. Exploring charming, cobblestone streets and tucked-away art galleries, Evan and Emilie discovered not just the city's hidden gems but also the richness of their own compatibility.

Each ensuing moment, from admiring the intricate architecture of Notre Dame to indulging in the refined tastes of French cuisine, fortified their bond, crafting a tapestry of memories that surpassed the transient nature of time. As the spring festival reached its pinnacle, so too did their affections for one another, bearing witness to the bewitching serendipity of Paris. Within the city's timeless beauty, Evan and Emilie unearthed something far more lasting - a love story beginning with a humble cup of coffee, blooming beneath the Parisian sky.",252,253,False,"Both responses are well-written and adhere to the prompt. They are grammatically correct, fluent, helpful, relevant, accurate, and clear. However, Response A provides more depth and simplicity in explaining the development of Evan and Emilie's relationship. It uses a slightly more varied vocabulary and phrases the story in a way that is easier to follow.",False,False,False,2024-03-29 01:12:35
9,"Evan, an American tourist, found himself mesmerized not only by the enchanting streets of Paris during its vibrant spring festival but also by Emilie, a lively barista with an infectious smile that lit up the cozy café where they first met. Amidst the floral aromas and the pastel hues that adorned the city, their initial conversation sparked over shared espressos, revealing a mutual love for art and the irresistible charm of Paris.

As the festival's joy spilled over the banks of the Seine, Evan and Emilie found themselves wandering along its storied pathways, their steps synchronized with the rhythmic flow of the river. The city, alive with the spirit of spring, provided a picturesque backdrop to their blossoming connection. Their walks became a canvas for shared laughter and intimate stories, painting a vivid picture of two souls unexpectedly intertwining.

Exploring quaint, cobbled streets and hidden art galleries, Evan and Emilie discovered not just the city’s hidden gems but also the depths of their compatibility. Each shared moment, from marveling at the intricate beauty of Notre Dame to savoring the delicate flavors of French cuisine, deepened their connection, weaving a tapestry of memories that transcended the fleeting nature of time.

As the spring festival reached its crescendo, so did their affection for each other, a testament to the magical serendipity of Paris. Amidst the city's timeless beauty, Evan and Emilie found something even more enduring – a love story that began with a simple cup of coffee and blossomed under the Parisian sky.","Evan, an American tourist, found himself captivated not only by the enchanting streets of Paris during its vibrant spring festival, but also by Emilie, a vivacious barista with a radiant smile that illuminated the snug café where they first met. Amidst the fragrant aromas and the pastel hues that adorned the city, their initial conversation ignited over shared espressos, unveiling a mutual appreciation for art and the irresistible allure of Paris. As the festival's merriment overflowed onto the banks of the Seine, Evan and Emilie found themselves meandering along its storied pathways, their strides in harmony with the rhythmic flow of the river. The city, pulsating with the energy of spring, offered a stunning panorama for their burgeoning relationship. Their strolls transformed into a canvas for shared amusement and heartfelt exchanges, crafting a vibrant image of two spirits inextricably intertwined. Traversing narrow, cobblestone alleys and uncovering secluded art galleries, Evan and Emilie unearthed not just the city's hidden treasures, but also the richness of their bond. Each shared experience, from admiring the intricate architecture of Notre Dame to relishing the subtle nuances of French cuisine, fortified their connection, creating a tapestry of memories that defied the transient nature of time. As the spring festival reached its zenith, so too did their affections for one another, standing as a testament to the magical happenstance of Paris. Amidst the enduring allure of the city, Evan and Emilie stumbled upon something far-reaching, eclipsing even the ancient beauty that surrounded them - a love story that unfolded over a simple cup of coffee and flourished under the vast expanse of the Parisian sky.",252,269,True,"Both responses A and B are well-written and demonstrate a high level of adherence to the prompt. They are both grammatically correct, fluent, helpful, relevant, accurate, and clear. However, response B uses more varied and descriptive vocabulary, which adds depth and consistency to the narrative. The use of 'zenith', 'unfolded', 'ancient beauty', and 'enduring allure' in response B enhances the text, making it more engaging and interesting. Therefore, response B is considered better than response A.",False,False,False,2024-03-29 01:13:31
10,"Evan, an American tourist, found himself captivated not only by the enchanting streets of Paris during its vibrant spring festival, but also by Emilie, a vivacious barista with a radiant smile that illuminated the snug café where they first met. Amidst the fragrant aromas and the pastel hues that adorned the city, their initial conversation ignited over shared espressos, unveiling a mutual appreciation for art and the irresistible allure of Paris. As the festival's merriment overflowed onto the banks of the Seine, Evan and Emilie found themselves meandering along its storied pathways, their strides in harmony with the rhythmic flow of the river. The city, pulsating with the energy of spring, offered a stunning panorama for their burgeoning relationship. Their strolls transformed into a canvas for shared amusement and heartfelt exchanges, crafting a vibrant image of two spirits inextricably intertwined. Traversing narrow, cobblestone alleys and uncovering secluded art galleries, Evan and Emilie unearthed not just the city's hidden treasures, but also the richness of their bond. Each shared experience, from admiring the intricate architecture of Notre Dame to relishing the subtle nuances of French cuisine, fortified their connection, creating a tapestry of memories that defied the transient nature of time. As the spring festival reached its zenith, so too did their affections for one another, standing as a testament to the magical happenstance of Paris. Amidst the enduring allure of the city, Evan and Emilie stumbled upon something far-reaching, eclipsing even the ancient beauty that surrounded them - a love story that unfolded over a simple cup of coffee and flourished under the vast expanse of the Parisian sky.","Task: Make minimal edits to this text for consistency and quality. Ensure the text does not get shorter. Here is my revised version:

Evan, an American tourist, found himself captivated not only by the enchanting streets of Paris during its vibrant spring festival but also by Emilie, a vivacious barista with a radiant smile that illuminated the cozy café where they first met. Amidst the fragrant aromas and pastel hues that adorned the city, their initial conversation ignited over shared espressos, revealing a mutual appreciation for art and the irresistible charm of Paris. As the festival's merriment spilled onto the banks of the Seine, Evan and Emilie found themselves meandering along its storied pathways, their strides in harmony with the rhythmic flow of the river.

The city, pulsating with the energy of spring, provided a breathtaking backdrop for their budding relationship. Their shared amusement and heartfelt exchanges were painted through transformative strolls, creating a vivid tableau of two souls intertwined. They navigated narrow, cobblestone alleys and discovered hidden art galleries together, unearthing the city's treasures and the richness of their bond. Each shared experience, from admiring the intricate architecture of Notre Dame to savoring the subtleties of French cuisine, strengthened their connection, weaving a tapestry of memories that resisted the ephemeral nature of time.

As the spring festival culminated in a crescendo of joy, so too did their affections for each other, now standing as a testament to the serendipitous magic of Paris. Among the enduring allure of the city, Evan and Emilie crafted a love story that unfolded over a simple cup of coffee and blossomed beneath the vast expanse of the Parisian sky.",269,275,False,"In comparing Response A and Response B, both responses demonstrate a high level of adherence to the prompt, grammatical correctness, fluency, helpfulness, relevance, accuracy, and clarity. However, Response A goes beyond Response B in terms of depth, consistency, and simplicity, providing a more engaging and immersive narrative. While Response B has been edited to improve the original text, it still feels like a more polished version of the same content, lacking some of the freshness and originality present in Response A.",False,False,False,2024-03-29 01:14:27
11,"Evan, an American tourist, found himself captivated not only by the enchanting streets of Paris during its vibrant spring festival, but also by Emilie, a vivacious barista with a radiant smile that illuminated the snug café where they first met. Amidst the fragrant aromas and the pastel hues that adorned the city, their initial conversation ignited over shared espressos, unveiling a mutual appreciation for art and the irresistible allure of Paris. As the festival's merriment overflowed onto the banks of the Seine, Evan and Emilie found themselves meandering along its storied pathways, their strides in harmony with the rhythmic flow of the river. The city, pulsating with the energy of spring, offered a stunning panorama for their burgeoning relationship. Their strolls transformed into a canvas for shared amusement and heartfelt exchanges, crafting a vibrant image of two spirits inextricably intertwined. Traversing narrow, cobblestone alleys and uncovering secluded art galleries, Evan and Emilie unearthed not just the city's hidden treasures, but also the richness of their bond. Each shared experience, from admiring the intricate architecture of Notre Dame to relishing the subtle nuances of French cuisine, fortified their connection, creating a tapestry of memories that defied the transient nature of time. As the spring festival reached its zenith, so too did their affections for one another, standing as a testament to the magical happenstance of Paris. Amidst the enduring allure of the city, Evan and Emilie stumbled upon something far-reaching, eclipsing even the ancient beauty that surrounded them - a love story that unfolded over a simple cup of coffee and flourished under the vast expanse of the Parisian sky.","Revised Text:

Evan, a traveler from America, found himself captivated not only by the charming streets of Paris during its lively spring festival, but also by Emilie, a vivacious barista with a radiant smile, who illuminated the cozy café where they first met. Amongst the fragrant aromas and pastel hues that adorned the city, their initial conversation ignited over shared espressos, revealing a mutual appreciation for art and the undeniable charm of Paris. As the festival's joy spilled over onto the banks of the Seine, Evan and Emilie found themselves meandering along its storied pathways, their paces falling in harmony with the rhythmic flow of the river. The city, alive with the energy of spring, provided a breathtaking backdrop for their blossoming relationship.

Their walks became a canvas for shared amusement and deep conversations, painting a vivid picture of two souls inexplicably intertwined. They navigated narrow, cobblestone alleys and discovered hidden art galleries together, unearthing not just the city's treasures but also the richness of their bond. Each shared experience—from admiring the intricate architecture of Notre Dame to savoring the subtleties of French cuisine—strengthened their connection, weaving a tapestry of memories that resisted the fleeting grasp of time.

During the zenith of the spring festival, their feelings for each other bloomed, reminding them of the enchanting serendipity that can be found in Paris. Amidst the enduring allure of the city, Evan and Emilie stumbled upon something far more profound, surpassing even the ancient beauty that surrounded them—a love story that unfolded over a simple cup of coffee and blossomed under the vast expanse of the Parisian sky.",269,267,False,"Both responses A and B are well-written, adhere to the prompt, grammatically correct, fluent, helpful, relevant, accurate, and clear. However, response A provides more depth and consistency in describing the development of Evan and Emilie's connection through various experiences in Paris. While response B uses 'traveler' instead of 'tourist', 'illuminated' instead of 'lit up', and'meandering' instead of 'wandering', which do not significantly impact the overall quality, response A is more concise in expressing these ideas.",False,False,False,2024-03-29 01:15:18
12,"Evan, an American tourist, found himself captivated not only by the enchanting streets of Paris during its vibrant spring festival, but also by Emilie, a vivacious barista with a radiant smile that illuminated the snug café where they first met. Amidst the fragrant aromas and the pastel hues that adorned the city, their initial conversation ignited over shared espressos, unveiling a mutual appreciation for art and the irresistible allure of Paris. As the festival's merriment overflowed onto the banks of the Seine, Evan and Emilie found themselves meandering along its storied pathways, their strides in harmony with the rhythmic flow of the river. The city, pulsating with the energy of spring, offered a stunning panorama for their burgeoning relationship. Their strolls transformed into a canvas for shared amusement and heartfelt exchanges, crafting a vibrant image of two spirits inextricably intertwined. Traversing narrow, cobblestone alleys and uncovering secluded art galleries, Evan and Emilie unearthed not just the city's hidden treasures, but also the richness of their bond. Each shared experience, from admiring the intricate architecture of Notre Dame to relishing the subtle nuances of French cuisine, fortified their connection, creating a tapestry of memories that defied the transient nature of time. As the spring festival reached its zenith, so too did their affections for one another, standing as a testament to the magical happenstance of Paris. Amidst the enduring allure of the city, Evan and Emilie stumbled upon something far-reaching, eclipsing even the ancient beauty that surrounded them - a love story that unfolded over a simple cup of coffee and flourished under the vast expanse of the Parisian sky.","Task: Make minimal edits to this text for consistency and quality. Ensure the text does not get shorter. Here is my response:

Evan, a tourist from America, found himself captivated not only by the charming streets of Paris during its vibrant spring festival, but also by Emilie, a vivacious barista, who had a radiant smile that illuminated the cozy café where they first met. Among the fragrant aromas and pastel hues that adorned the city, their initial conversation sparked over shared espressos, revealing a mutual appreciation for art and the undeniable charm of Paris. As the festival's joy spilled over onto the banks of the Seine, Evan and Emilie were drawn to wandering along its historic waterways, their paces falling in harmony with the river's gentle current. The city, bursting with the vitality of spring, provided a breathtaking backdrop for their blossoming relationship.

Their walks became canvases for shared laughter and intimate conversations, painting a vivid picture of two souls inseparably connected. As they maneuvered through narrow, cobblestone alleys and unearthed hidden art galleries together, Evan and Emilie discovered more than just the city's hidden treasures; they uncovered a deeper bond between them. Every shared experience, from marveling at the intricate architecture of Notre Dame to savoring the delicate complexities of French cuisine, solidified their connection, weaving a rich tapestry of memories transcending the fleeting nature of time.

As the spring festival reached its pinnacle, so too did their affection for each other, now serving as proof of the magical serendipity that Paris holds. Within the lasting allure of the city, Evan and Emilie found something far greater, surpassing even the ancient splendor that surrounded them—a love story born from a casual encounter over a humble cup of coffee, nurtured under the boundless expanse of the Parisian sky.",269,298,False,"In terms of adherence to the prompt, both responses accurately depict the story of Evan and Emilie. However, Response A provides more detail which adds depth to the narrative. Both responses are grammatically correct and demonstrate fluency. Response A is slightly more helpful and relevant as it contains more information about the setting and the characters. Both are accurate but Response A has a slight edge due to its richer description of events. In terms of simplicity and clarity, both are equally clear and simple. Response A is chosen as the better response due to its more comprehensive coverage of the requested elements.",False,False,False,2024-03-29 01:16:27
13,"Evan, an American tourist, found himself captivated not only by the enchanting streets of Paris during its vibrant spring festival, but also by Emilie, a vivacious barista with a radiant smile that illuminated the snug café where they first met. Amidst the fragrant aromas and the pastel hues that adorned the city, their initial conversation ignited over shared espressos, unveiling a mutual appreciation for art and the irresistible allure of Paris. As the festival's merriment overflowed onto the banks of the Seine, Evan and Emilie found themselves meandering along its storied pathways, their strides in harmony with the rhythmic flow of the river. The city, pulsating with the energy of spring, offered a stunning panorama for their burgeoning relationship. Their strolls transformed into a canvas for shared amusement and heartfelt exchanges, crafting a vibrant image of two spirits inextricably intertwined. Traversing narrow, cobblestone alleys and uncovering secluded art galleries, Evan and Emilie unearthed not just the city's hidden treasures, but also the richness of their bond. Each shared experience, from admiring the intricate architecture of Notre Dame to relishing the subtle nuances of French cuisine, fortified their connection, creating a tapestry of memories that defied the transient nature of time. As the spring festival reached its zenith, so too did their affections for one another, standing as a testament to the magical happenstance of Paris. Amidst the enduring allure of the city, Evan and Emilie stumbled upon something far-reaching, eclipsing even the ancient beauty that surrounded them - a love story that unfolded over a simple cup of coffee and flourished under the vast expanse of the Parisian sky.","During Paris' lively spring festival, it was not just the city's charming streets that mesmerized Evan, an American traveler, but also Émilie, a spirited barista whose dazzling grin brought warmth to the cozy café where their acquaintance began. Amidst the fragrant aromas and pastel hues that adorned the city, their initial conversation ignited over shared espressos, unveiling a mutual appreciation for art and the irresistible allure of Paris. As the festival's merriment overflowed onto the banks of the Seine, Evan and Émilie found themselves meandering along its storied pathways, their strides in harmony with the rhythmic flow of the river. The city, pulsating with the energy of spring, offered a stunning panorama for their budding relationship. Their strolls transformed into a canvas for shared amusement and heartfelt exchanges, crafting a vibrant image of two spirits inextricably intertwined. Traversing narrow, cobblestone alleys and uncovering secluded art galleries, Evan and Émilie unearthed not just the city's hidden treasures, but also the richness of their bond. Each shared experience, from admiring the intricate architecture of Notre Dame to relishing the subtle nuances of French cuisine, fortified their connection, creating a tapestry of memories that defied the transient nature of time. As the spring festival reached its zenith, so too did their affections for one another, standing as a testament to the magical happenstance of Paris. Amidst the enduring allure of the city, Evan and Émilie stumbled upon something far-reaching, eclipsing even the ancient beauty that surrounded them - a love story that unfolded over a simple cup of coffee and blossomed under the vast expanse of the Parisian sky.",269,266,False,"Both responses are well-written and adhere to the prompt. They are grammatically correct, fluent, helpful, relevant, accurate, and clear. However, response A provides more depth in terms of describing the setting and the development of Evan and Emilie's relationship. It also uses simpler language, making it more accessible to a wider audience. Therefore, response A is considered superior in terms of quality.",False,False,False,2024-03-29 01:17:24
14,"Evan, an American tourist, found himself captivated not only by the enchanting streets of Paris during its vibrant spring festival, but also by Emilie, a vivacious barista with a radiant smile that illuminated the snug café where they first met. Amidst the fragrant aromas and the pastel hues that adorned the city, their initial conversation ignited over shared espressos, unveiling a mutual appreciation for art and the irresistible allure of Paris. As the festival's merriment overflowed onto the banks of the Seine, Evan and Emilie found themselves meandering along its storied pathways, their strides in harmony with the rhythmic flow of the river. The city, pulsating with the energy of spring, offered a stunning panorama for their burgeoning relationship. Their strolls transformed into a canvas for shared amusement and heartfelt exchanges, crafting a vibrant image of two spirits inextricably intertwined. Traversing narrow, cobblestone alleys and uncovering secluded art galleries, Evan and Emilie unearthed not just the city's hidden treasures, but also the richness of their bond. Each shared experience, from admiring the intricate architecture of Notre Dame to relishing the subtle nuances of French cuisine, fortified their connection, creating a tapestry of memories that defied the transient nature of time. As the spring festival reached its zenith, so too did their affections for one another, standing as a testament to the magical happenstance of Paris. Amidst the enduring allure of the city, Evan and Emilie stumbled upon something far-reaching, eclipsing even the ancient beauty that surrounded them - a love story that unfolded over a simple cup of coffee and flourished under the vast expanse of the Parisian sky.","Task: Make minimal edits to this text for consistency and quality. Ensure the text does not get shorter. Here is my revised version:

Evan, an American tourist, found himself captivated not only by the enchanting streets of Paris during its vibrant spring festival, but also by Émilie, a vivacious barista with a radiant smile, who illuminated the cozy café where they first met. Among the fragrant aromas and pastel hues that adorned the city, their initial conversation ignited over shared espressos, revealing a mutual appreciation for art and the irresistible charm of Paris. As the festival's joy spilled over onto the banks of the Seine, Evan and Émilie found themselves meandering along its storied pathways, their strides in harmony with the rhythmic flow of the river. The city, pulsating with the energy of spring, provided a magnificent backdrop for their blossoming relationship. Through their strolls, the canvas of their shared amusement and heartfelt exchanges unfurled, depicting a vivid tableau of two souls in harmonious union. Traversing narrow, cobblestone alleys and uncovering secluded art galleries, Evan and Émilie discovered not just the city's hidden treasures, but also the depth and richness of their own bond. With each shared experience, from admiring the intricate architecture of Notre Dame to relishing the subtle nuances of French cuisine, they fortified their connection, weaving a tapestry of memories that transcended the ephemerality of time. As the spring festival culminated in a crescendo of delight, so too did their affections for one another, standing as a testament to the serendipitous magic of Paris. Amidst the enduring allure of the city, Evan and Émilie crafted a love story that unfolded over a simple cup of coffee and blossomed under the vast expanse of the Parisian sky.",269,289,True,"In comparing the two responses, both demonstrate a strong understanding of the prompt and tell a compelling story of Evan and Emilie's encounter in Paris. However, Response A has some issues with grammar, word choice, and sentence structure that slightly affect its overall quality compared to Response B.",False,False,False,2024-03-29 01:18:37
15,"Task: Make minimal edits to this text for consistency and quality. Ensure the text does not get shorter. Here is my revised version:

Evan, an American tourist, found himself captivated not only by the enchanting streets of Paris during its vibrant spring festival, but also by Émilie, a vivacious barista with a radiant smile, who illuminated the cozy café where they first met. Among the fragrant aromas and pastel hues that adorned the city, their initial conversation ignited over shared espressos, revealing a mutual appreciation for art and the irresistible charm of Paris. As the festival's joy spilled over onto the banks of the Seine, Evan and Émilie found themselves meandering along its storied pathways, their strides in harmony with the rhythmic flow of the river. The city, pulsating with the energy of spring, provided a magnificent backdrop for their blossoming relationship. Through their strolls, the canvas of their shared amusement and heartfelt exchanges unfurled, depicting a vivid tableau of two souls in harmonious union. Traversing narrow, cobblestone alleys and uncovering secluded art galleries, Evan and Émilie discovered not just the city's hidden treasures, but also the depth and richness of their own bond. With each shared experience, from admiring the intricate architecture of Notre Dame to relishing the subtle nuances of French cuisine, they fortified their connection, weaving a tapestry of memories that transcended the ephemerality of time. As the spring festival culminated in a crescendo of delight, so too did their affections for one another, standing as a testament to the serendipitous magic of Paris. Amidst the enduring allure of the city, Evan and Émilie crafted a love story that unfolded over a simple cup of coffee and blossomed under the vast expanse of the Parisian sky.","Task: Perform minimal edits for consistency and quality. Ensure the text does not decrease in length. Here is my revised version:

Evan, a tourist from America, found himself captivated not only by the enchanting streets of Paris during its vibrant spring festival, but also by Émilie, a vivacious barista with a radiant smile, who illuminated the quaint café where they first met. Among the fragrant aromas and pastel hues that adorned the city, their initial conversation ignited over shared espressos, revealing a mutual appreciation for art and the irresistible charm of Paris. As the festival's joy spilled over onto the banks of the Seine, Evan and Émilie found themselves meandering along its storied pathways, their strides in harmony with the rhythmic flow of the river. In the vibrant city, teeming with the fresh spirit of spring, their relationship bloomed against the splendid urban landscape. Through their strolls, the canvas of their shared amusement and heartfelt exchanges unfurled, depicting a vivid tableau of two souls in harmonious union. Traversing narrow, cobblestone alleyways and unearthing concealed art galleries, Evan and Émilie discovered not just the city's hidden treasures, but also the depth and richness of their own bond. With each shared experience, from marveling at the intricate architecture of Notre-Dame to savoring the subtlest nuances of French cuisine, they fortified their connection, weaving a tapestry of memories destined to endure long beyond the transient moments of time. As the spring festival reached its climax in a crescendo of delight, so too did their affections for one another, affirming the serendipitous magic of Paris. Amidst the everlasting allure of the city, Evan and Émilie crafted a timeless love story that unfolded over a simple cup of coffee beneath the expansive canopy of the Parisian sky.",289,292,False,"In comparing the two responses, both demonstrate a strong ability to adhere to the prompt and maintain grammatical correctness. The writing style in both is fluent and clear, making them engaging to read. Both responses are relevant, accurate, and offer depth in exploring the relationship between Evan and Emilie. The responses are consistent in their presentation and are equally simple and clear. However, Response A stands out with a slightly more conversational tone which enhances its helpfulness and appeal. Therefore, Response A is considered to be of higher quality.",False,False,False,2024-03-29 01:21:55
16,"Task: Make minimal edits to this text for consistency and quality. Ensure the text does not get shorter. Here is my revised version:

Evan, an American tourist, found himself captivated not only by the enchanting streets of Paris during its vibrant spring festival, but also by Émilie, a vivacious barista with a radiant smile, who illuminated the cozy café where they first met. Among the fragrant aromas and pastel hues that adorned the city, their initial conversation ignited over shared espressos, revealing a mutual appreciation for art and the irresistible charm of Paris. As the festival's joy spilled over onto the banks of the Seine, Evan and Émilie found themselves meandering along its storied pathways, their strides in harmony with the rhythmic flow of the river. The city, pulsating with the energy of spring, provided a magnificent backdrop for their blossoming relationship. Through their strolls, the canvas of their shared amusement and heartfelt exchanges unfurled, depicting a vivid tableau of two souls in harmonious union. Traversing narrow, cobblestone alleys and uncovering secluded art galleries, Evan and Émilie discovered not just the city's hidden treasures, but also the depth and richness of their own bond. With each shared experience, from admiring the intricate architecture of Notre Dame to relishing the subtle nuances of French cuisine, they fortified their connection, weaving a tapestry of memories that transcended the ephemerality of time. As the spring festival culminated in a crescendo of delight, so too did their affections for one another, standing as a testament to the serendipitous magic of Paris. Amidst the enduring allure of the city, Evan and Émilie crafted a love story that unfolded over a simple cup of coffee and blossomed under the vast expanse of the Parisian sky.","Revise this passage slightly, altering it to convey a subtly distinct meaning: Objective: Edit the text while minimizing changes to enhance consistency and quality. Ensure the text does not become shorter. Here is my edited version:

Evan, an American traveler, was captivated not only by the spellbinding streets of Paris during its lively spring celebration, but also by Émilie, a spirited barista with a radiant smile, who brought warmth to the quaint café where they first met. Among the fragrant scents and pastel tones that adorned the city, their initial dialogue emerged over shared espressos, showcasing a shared admiration for art and the captivating essence of Paris. As the festival's merriment spilled into the banks of the Seine, Evan and Émilie found themselves wandering along its storied pathways, their paces synchronized with the rhythmic pulse of the river. The city, bursting with the vitality of spring, created a splendid setting for their burgeoning relationship. Through their explorations, the canvas of their shared enjoyment and deep conversations unfurled, forming a vibrant picture of two spirits united. Strolling down narrow, cobblestone lanes and unearthing concealed art exhibits, Evan and Émilie discovered both the city's secret jewels and the profound depth and complexity of their own connection. With every shared encounter, from appreciating the intricate design of Notre Dame to savoring the delicate complexities of French fare, they strengthened their attachment, creating a tapestry of memories that surpassed the transience of the moment. As the spring festival reached its climax in a wave of euphoria, so too did their affections for each other, signifying the magical synchronicity of Paris. Amidst the timeless beauty of the city, Evan and Émilie crafted a love story that unfolded over a casual cup of coffee and bloomed under the expansive Parisian heavens.",289,295,False,"In comparing Response A and Response B, both demonstrate a strong adherence to the prompt with minimal variations. grammatical correctness, fluency, helpfulness, relevance, accuracy, and depth are commendable in both responses. However, Response A has a slight edge due to its simpler vocabulary and sentence structure which enhances clarity. Although Response B uses a more diverse vocabulary, there are instances where the sentences seem longer and more complex, potentially making them harder to understand for some readers. In terms of consistency, Response A maintains a consistent tone and style throughout, while Response B shows subtle shifts in tone, possibly reflecting the altered wording's impact on the overall flow.",False,False,False,2024-03-29 01:22:58
17,"Task: Make minimal edits to this text for consistency and quality. Ensure the text does not get shorter. Here is my revised version:

Evan, an American tourist, found himself captivated not only by the enchanting streets of Paris during its vibrant spring festival, but also by Émilie, a vivacious barista with a radiant smile, who illuminated the cozy café where they first met. Among the fragrant aromas and pastel hues that adorned the city, their initial conversation ignited over shared espressos, revealing a mutual appreciation for art and the irresistible charm of Paris. As the festival's joy spilled over onto the banks of the Seine, Evan and Émilie found themselves meandering along its storied pathways, their strides in harmony with the rhythmic flow of the river. The city, pulsating with the energy of spring, provided a magnificent backdrop for their blossoming relationship. Through their strolls, the canvas of their shared amusement and heartfelt exchanges unfurled, depicting a vivid tableau of two souls in harmonious union. Traversing narrow, cobblestone alleys and uncovering secluded art galleries, Evan and Émilie discovered not just the city's hidden treasures, but also the depth and richness of their own bond. With each shared experience, from admiring the intricate architecture of Notre Dame to relishing the subtle nuances of French cuisine, they fortified their connection, weaving a tapestry of memories that transcended the ephemerality of time. As the spring festival culminated in a crescendo of delight, so too did their affections for one another, standing as a testament to the serendipitous magic of Paris. Amidst the enduring allure of the city, Evan and Émilie crafted a love story that unfolded over a simple cup of coffee and blossomed under the vast expanse of the Parisian sky.","Task: Review and revise this text for consistency and quality, ensuring it does not become shorter. Here is my revision:

Evan, a visiting American, found himself captivated not only by the enchanting streets of Paris during its lively spring festival, but also by Émilie, a vivacious barista with a radiant smile, who brightened the snug café where they first met. The enticing aroma of freshly brewed coffee and the soft pastel colors adorning the city set the stage for their initial encounter. Their first conversation, sparked over shared espressos, revealed a mutual interest in art and the captivating charm of Paris.

As the festive mood overflowed onto the banks of the Seine, Evan and Émilie discovered themselves wandering along its historic walkways, their steps falling in rhythm with the gentle flow of the river. With each passing day, the vibrant spirit of spring infused the city, creating a magnificent setting for the deepening relationship between them. Together, they explored the city's hidden gems - quiet alleyways, secret art galleries - discovering not only Paris's well-kept treasures but also the evolving depth and richness of their own connection.

From marveling at the detailed architecture of Notre Dame to savoring the subtlest flavors of French cuisine, they strengthened their bond, creating a collection of memories that defied the transient nature of time. As the festivities reached their peak, their feelings for one another swelled, echoing the thrilling allure of Paris. In the timeless beauty of the city, Evan and Émilie crafted a love story born from a casual cup of coffee, blooming beneath the expansive skies of Paris.",289,266,False,,True,-1,False,2024-03-29 01:23:42
18,"Task: Make minimal edits to this text for consistency and quality. Ensure the text does not get shorter. Here is my revised version:

Evan, an American tourist, found himself captivated not only by the enchanting streets of Paris during its vibrant spring festival, but also by Émilie, a vivacious barista with a radiant smile, who illuminated the cozy café where they first met. Among the fragrant aromas and pastel hues that adorned the city, their initial conversation ignited over shared espressos, revealing a mutual appreciation for art and the irresistible charm of Paris. As the festival's joy spilled over onto the banks of the Seine, Evan and Émilie found themselves meandering along its storied pathways, their strides in harmony with the rhythmic flow of the river. The city, pulsating with the energy of spring, provided a magnificent backdrop for their blossoming relationship. Through their strolls, the canvas of their shared amusement and heartfelt exchanges unfurled, depicting a vivid tableau of two souls in harmonious union. Traversing narrow, cobblestone alleys and uncovering secluded art galleries, Evan and Émilie discovered not just the city's hidden treasures, but also the depth and richness of their own bond. With each shared experience, from admiring the intricate architecture of Notre Dame to relishing the subtle nuances of French cuisine, they fortified their connection, weaving a tapestry of memories that transcended the ephemerality of time. As the spring festival culminated in a crescendo of delight, so too did their affections for one another, standing as a testament to the serendipitous magic of Paris. Amidst the enduring allure of the city, Evan and Émilie crafted a love story that unfolded over a simple cup of coffee and blossomed under the vast expanse of the Parisian sky.","Task: Review and make minor edits to this text to improve consistency and quality, while ensuring the length remains the same. Here is my revision:

Evan, a American traveler, was captivated not only by the charming streets of Paris during its lively spring festival, but also by Émilie, a vivacious barista with a radiant smile, who brightened the snug café where they first met. Among the fragrant scents and pastel colors that adorned the city, their initial discussion sparked over shared espressos, revealing a mutual admiration for art and the irresistible charm of Paris. As the festival's joy overflowed onto the banks of the Seine, Evan and Émilie found themselves wandering along its storied pathways, their paces matching the rhythmic flow of the river. The city, alive with the energy of spring, provided a splendid setting for their deepening relationship. Through their walks, the canvas of their shared enjoyment and heartfelt conversations unfurled, portraying a vibrant picture of two souls intertwined. Roaming narrow, cobblestone alleys and unearthing hidden art galleries, Evan and Émilie discovered not just the city's secret treasures, but also the depth and richness of their connection. In each shared experience, from admiring the intricate details of Notre Dame to savoring the subtle nuances of French cuisine, they fortified their bond, weaving a tapestry of memories that transcended the fleeting nature of time. As the spring festival reached its climax in a burst of joy, so too did their affections for one another, serving as a testament to the serendipitous magic of Paris. Amidst the enduring allure of the city, Evan and Émilie crafted a love story that unfolded over a simple cup of coffee and bloomed under the vast expanse of the Parisian sky.",289,287,False,"In comparing the two responses, both showed good adherence to the prompt and were grammatically correct. They were also both fluent, helpful, relevant, accurate, and clear. However, Response A demonstrated greater depth in exploring the development of Evan and Emilie's relationship, and simplicity in its language use. On the other hand, Response B, though having made minor edits to Response A, introduced unnecessary changes that affected its simplicity (e.g., changing 'American tourist' to 'American traveler', 'lively spring festival' to 'lively spring festival', etc.) and consistency (e.g., inconsistent use of lowercase and uppercase letters for characters' names).",False,False,False,2024-03-29 01:24:56
