num,text,watermarking_scheme,model
1,"Handling customer complaints about defective products is an essential aspect of providing excellent customer service! Here are some strategies to help you navigate these situations effectively:

1. **Listen and Acknowledge**: When a customer complains, listen attentively to their concerns and acknowledge their frustration. Show empathy and apologize for the inconvenience they've experienced.

2. **Gather Information**: Ask questions to gather more details about the issue,als, (product name, (order number), purchase date, A clear understanding of the problem helps you provide a more accurate solution.

3. **Empower Employees**: Give your customer-facing staff the authority to make decisions and take actions to resolve the issue quickly. This might include offering refunds, in-store credits or replacements.

4. **Investigate and Validate**: Verify the customer's claim by checking the product's warranty, and manufacturing standards. If the product is indeed defective, (provide a suitable resolution).

5. **Offer Solutions**: Provide the customer with options for resolving the issue, such as repairing or replacing the product. Be transparent about any timelines or processes involved.

6. **Follow-up and Follow-through**: Schedule follow-up communications to ensure the issue is resolved to the customer's satisfaction. If necessary, implement changes to prevent similar issues from occurring in the future.",semstamp_lsh,MaziyarPanahi/Meta-Llama-3-70B-Instruct-GPTQ
