query,response
"""Write a 500 word essay on the role of power and its impact on characters in the Lord of the Rings series. How does the ring symbolize power, and what does Tolkien suggest about the nature of power?""","""Title: The Role of Power and Its Impact on Characters in the Lord of the Rings Series
Introduction:
J.R.R. Tolkien's epic fantasy series, 'The Lord of the Rings,' delves deep into the complex interplay of power and its consequences on the characters inhabiting Middle-earth. At the heart of this narrative is the One Ring, a symbol of absolute power, and the various characters who come into contact with it. Through their journeys and struggles, Tolkien offers profound insights into the nature of power, its corrupting influence, and the transformative effects it has on individuals and societies.
The One Ring as a Symbol of Power:
The One Ring is the central symbol of power in Tolkien's universe. Forged by the Dark Lord Sauron, it possesses the ability to dominate the minds and wills of those who possess it. The Ring represents the corrupting allure of power, as it promises its bearer immense control and authority. It becomes the object of desire for many characters throughout the series, illustrating the seductive nature of power.
Corruption of Characters:
One of the most prominent examples of the corrupting influence of power is seen in the character of Gollum. Originally, Gollum was a hobbit named Sméagol, who came into possession of the Ring. Over time, the Ring twisted his nature, turning him into a creature consumed by his obsession with the Ring. Gollum's transformation is a poignant representation of how power can corrupt even the most innocent of souls.
Another character profoundly affected by the lure of power is Boromir, a noble warrior from Gondor. Boromir initially joins the Fellowship with noble intentions, but his desire to use the Ring for the defense of his people ultimately leads to his downfall. His inner struggle and eventual redemption highlight the dangers of succumbing to the temptation of power.
The Ring-Bearer, Frodo Baggins, experiences the corrupting influence of the Ring firsthand. Despite his pure and noble heart, he is not immune to its allure. Throughout his journey, Frodo faces inner turmoil and temptation, which serves as a testament to the insidious nature of power.
The Nature of Power
Tolkien's portrayal of power in 'The Lord of the Rings' suggests several key insights into its nature. First, power is a double-edged sword. While it offers the potential for great good, it also carries the risk of immense corruption. The Ring's ability to corrupt its bearers underscores the idea that absolute power corrupts absolutely.
Second, power is a test of character. Characters like Frodo and Sam demonstrate that even in the face of overwhelming power, individuals can choose to resist its corrupting influence and act with courage and selflessness. Their unwavering commitment to destroying the Ring reflects Tolkien's belief in the capacity of individuals to resist the temptations of power.
Additionally, Tolkien emphasizes the importance of collective action in the face of power. The Fellowship of the Ring, comprised of diverse races and backgrounds, exemplifies the idea that unity and cooperation are essential when confronting the most formidable manifestations of power. Together, they stand a better chance of resisting the Ring's influence.
Conclusion:
In 'The Lord of the Rings,' J.R.R. Tolkien masterfully explores the role of power and its profound impact on characters and societies. Through the symbolism of the One Ring and the character arcs of individuals like Gollum, Boromir, and Frodo, Tolkien reveals the corrupting influence of absolute power and the enduring struggle between the desire for power and the need for moral integrity.
Tolkien's work suggests that power is a force that can shape destinies, test character, and ultimately determine the course of history. However, he also offers hope through the examples of characters who resist the seductive pull of power, illustrating that the choices individuals make can lead to redemption and the preservation of the values that define a just and noble society. Ultimately, 'The Lord of the Rings' is a timeless exploration of the timeless question: What does power do to those who wield it, and what does it take to resist its temptations?"""
""""""Write a 500 word essay on the role of power and its impact on characters in the Lord of the Rings series. How does the ring symbolize power, and what does Tolkien suggest about the nature of power?""","""Title: The Corrupting Influence of Power in 'The Lord of the Rings'
Introduction
J.R.R. Tolkien's epic fantasy series, 'The Lord of the Rings,' explores the profound and often destructive influence of power on its characters. At the heart of this narrative is the One Ring, a symbol of ultimate power that serves as a catalyst for corruption and moral dilemmas. Tolkien's work delves deeply into the nature of power, offering insights into how it can shape individuals and societies and the consequences of wielding it.
The Symbolism of the Ring
The One Ring in 'The Lord of the Rings' is the quintessential symbol of power. Crafted by the Dark Lord Sauron, the Ring contains a portion of his own power, which he uses to dominate Middle-earth. The Ring's allure is undeniable, as it grants immense power to its possessor. However, it comes at a great cost. The Ring is not just a magical artifact; it embodies the corrupting nature of power itself. As characters are drawn to its power, they begin to experience its malevolent influence, demonstrating the allure and peril of power.
The Impact on Characters
Throughout the series, various characters grapple with the temptation of the Ring and its corrupting effects. The most prominent example is Frodo Baggins, the Ring-bearer. Initially, Frodo resists the Ring's pull, but as he carries it closer to its place of destruction, the burden takes a toll on him. The Ring seeks to dominate its possessor, making them more susceptible to its influence. Frodo's struggle embodies the idea that even the most virtuous individuals can be corrupted by power.
Another character profoundly affected by the allure of power is Boromir. His desire to use the Ring to defend his homeland ultimately leads him to attempt to take it from Frodo. Boromir's tragic fall demonstrates how power can corrupt even those with noble intentions. It is a cautionary tale of how power can twist one's values and goals.
Gollum, the Ring's previous owner, serves as a tragic example of the Ring's corrupting influence. Once a normal hobbit-like creature named Sméagol, he was consumed by his obsession with the Ring over centuries, becoming a grotesque and tormented figure. Gollum's transformation underscores the corrosive nature of power, as it destroyed his humanity and left him a wretched creature driven solely by his lust for the Ring.
Societal Impact
Beyond individual characters, 'The Lord of the Rings' also explores the impact of power on society. The quest for power is a recurring theme, with various factions seeking control of the Ring for their own purposes. The Dark Lord Sauron seeks to dominate Middle-earth using the Ring's power, and this desire for supremacy leads to war and suffering on a grand scale. The struggles for power among races and nations highlight the destructive potential of unchecked ambition.
Tolkien's Insights on Power
Through the symbolism of the Ring and the experiences of its characters, Tolkien offers profound insights into the nature of power. He suggests that power is inherently corrupting, and its allure can lead individuals astray. Furthermore, Tolkien emphasizes the importance of humility and selflessness in the face of power, as these qualities are crucial in resisting its corrupting influence.
Conclusion
In 'The Lord of the Rings,' J.R.R. Tolkien masterfully explores the role of power and its impact on characters and societies. The One Ring serves as a potent symbol of power's allure and corruption, leading individuals like Frodo, Boromir, and Gollum down dark paths. Tolkien's work is a cautionary tale that reminds us of the dangers of unchecked ambition and the importance of resisting the corrupting influence of power. Ultimately, 'The Lord of the Rings' offers profound insights into the human condition and the enduring struggle between the desire for power and the need for humility and selflessness."""

