num,text
1,"Evan, an American tourist with a deep appreciation for art and culture, found himself wandering the vibrant streets of Paris during the enchanting spring festival. The city, alive with color and the cheerful buzz of celebration, promised more than just picturesque views and historical marvels; it promised moments that could capture the heart in unexpected ways.

It was in a quaint, bustling café near the heart of the festivities where Evan's adventure took a delightful turn. Behind the counter, amidst the clatter of cups and the aroma of freshly brewed coffee, was Emilie—a lively barista whose smile rivaled the Parisian sun. With every order, her laughter infused the air, drawing Evan in with a magnetic pull.

Striking up a conversation over his clumsy attempt at ordering in French, they discovered a mutual passion for art and the ineffable charm of Paris. Emilie, with her infectious zeal, offered to show Evan the city through her eyes. Together, they wandered through cobbled streets and along the Seine, where the joy of the festival spilled over, wrapping them in a tapestry of music, dance, and light.

As they shared stories and dreams beneath the twinkling city lights, the connection between them deepened. Paris, in its timeless spring beauty, became the backdrop for a budding romance, blooming amidst laughter and shared moments of wonder. Evan, who had arrived as a tourist, found himself embarking on a journey of the heart, guided by Emilie's vibrant spirit. In the city of love, amidst a festival that celebrated life, they discovered a love story of their own, painted against the canvas of Parisian spring."
2,"Evan, an American tourist with a keen eye for beauty and history, found himself wandering the vibrant streets of Paris during its annual spring festival. The city was alive, its streets blooming with the joys of the season, and the Seine, a mirror to the city's soul, flowed with a gentle reminder of the eternal. It was in a quaint café, nestled in the heart of this celebration, that Evan's adventure took an unexpected turn.

Behind the counter was Emilie, a barista whose spirit was as lively as the streets outside. With a smile that could rival the Parisian sun, she crafted her coffees with an artist's precision, her laughter blending with the murmur of the café like a melody. Evan, drawn to this vibrant soul, found himself returning to the café each morning, their conversations soon flowing as freely as the river nearby.

They shared a love for art, finding common ground in the rich tapestry of Parisian culture, its museums, and galleries offering endless adventures. Emilie introduced Evan to the city's lesser-known gems, each walk along the Seine revealing more of the city’s charm and deepening the connection between them.

The festival's joy was infectious, spilling over into their every encounter. Evenings found them exploring the lively streets, the city's lights reflecting in their eyes, a silent promise of the moments yet to unfold. In the city of love, amidst the blossoms of spring, Evan found himself not just falling for Paris but for Emilie, the lively barista who embodied the city's soul."
3,"Evan, an American tourist with a penchant for adventure, found himself in the heart of Paris during the vibrant spring festival. The city, adorned with blossoming flowers and lively streets, held an enchanting allure. It was in a quaint café, nestled among the cobblestone pathways, where Evan's story took a serendipitous turn. Behind the counter was Emilie, a barista whose spirit was as lively as the city itself. With a smile that could light up the dimmest of rooms, she served Evan a coffee that tasted like a Parisian dream.

Their connection was immediate, sparked by a mutual love for art that went beyond mere appreciation. It was a passion that saw beauty in the everyday, in the mundane, and in the overlooked corners of the city. As they shared stories and laughter, Evan realized Paris offered more than just its architectural marvels; it offered him a chance at something ineffably real.

Their days soon filled with walks along the Seine, where the festival's joy spilled over the banks like the river itself. They explored art galleries, losing track of time amidst canvases that spoke of love, loss, and everything in between. As the city celebrated spring, so did their hearts, in a rhythm that matched the Parisian spirit.

The festival might have been the backdrop of their meeting, but it was their shared moments, from sips of coffee to steps taken along the river, that painted a picture far more enduring. In a city that had witnessed countless stories, Evan and Emilie's unfolded with a magic all its own, reminding anyone who dared to listen that sometimes, the most beautiful art is the one you live."
4,"Evan, an American tourist with a passion for art and adventure, found himself captivated not just by the enchanting city of Paris during its vibrant spring festival but by Emilie, a lively barista whose smile was as warm as the coffee she brewed. Their chance encounter at a quaint café nestled among the bustling festival streets marked the beginning of a story that felt as if it had been lifted from the very essence of Paris itself.

As they exchanged stories over cups of rich, aromatic coffee, they discovered a shared love for art, a passion that Paris, with its legendary museums and galleries, nurtured like no other place. Emilie, with her intricate knowledge of the city’s hidden art scenes and Evan, with his fresh eyes and keen interest, found in each other the perfect companion to explore the depths of the city’s artistic heart.

The festival, with its aura of joy and celebration, seemed to spill over into their lives, leading them to wander along the Seine, lost in conversations that ranged from the masters of impressionism to the contemporary street art that adorned the city’s walls. The lights of the festival, reflecting off the river, mirrored the spark that grew between them, a connection as deep and vibrant as the city they explored together.

In those fleeting days, Evan and Emilie discovered not just the enchanting beauty of Paris in the spring but the unexpected joy of finding someone who shared their passions and dreams. As the festival came to a close, they knew that what had started as a chance meeting had blossomed into a bond that would forever be a part of their story, a testament to the magic of Paris and the unexpected moments that can change everything."
