0,"In J.R.R. Tolkien's esteemed Lord of the Rings series, power is a pervasive and profound theme that underscores the narrative's exploration of morality, toils, and triumphs. The struggle for power is a dominant force that drives the plot forward, propelling characters towards their destinies.

The primary embodiment of power in the series is, undoubtedly, the One Ring. Forged by the Dark Lord Sauron, this talismanic artifact represents the apex of dark power, corrupting all who come into contact with it. The Ring's insidious influence seduces even the strongest of wills, exemplified by Boromir's tragic fallibility. As the quest to destroy the Ring unfolds, the pernicious nature of power becomes increasingly apparent, its corrosive effects seeping into the very fabric of Middle-earth's social hierarchy.

Conversely, the free peoples of Middle-earth – including the Elves, Dwarves, and Humans – exemplify an alternative form of power: one rooted in wisdom, courage, and fellowship. This benevolent power is epitomized by the Fellowship's collective efforts to vanquish Sauron's malevolent regime. The leader of this coalition, Aragorn (Strider), personifies the responsible exercise of power, demonstrating humility, empathy, and selflessness throughout his journey.","In J.R.R. Tolkien's esteemed Lord of the Rings series, power is a pervasive and profound theme that underscores the narrative's exploration of morality, toils, and triumphs. The pursuit of power propels the narrative forward, shaping the characters' fates. The primary embodiment of power in the series is, undoubtedly, the One Ring. Forged by the Dark Lord Sauron, this talismanic artifact represents the apex of dark power, corrupting all who come into contact with it. The Ring's insidious influence seduces even the strongest of wills, exemplified by Boromir's tragic fallibility. As the quest to destroy the Ring unfolds, the pernicious nature of power becomes increasingly apparent, its corrosive effects seeping into the very fabric of Middle-earth's social hierarchy. Conversely, the free peoples of Middle-earth – including the Elves, Dwarves, and Humans – exemplify an alternative form of power: one rooted in wisdom, courage, and fellowship. This benevolent power is epitomized by the Fellowship's collective efforts to vanquish Sauron's malevolent regime. The leader of this coalition, Aragorn (Strider), personifies the responsible exercise of power, demonstrating humility, empathy, and selflessness throughout his journey.",186,180,False,"{'original_analysis': '### Analysis of Responses:\n\n#### Response A:\n1. Repetition: Response A does not contain unnecessary repetition. The ideas are presented logically and cohesively.\n2. Grammar: Response A is well-written with no apparent grammatical errors, capitalization errors, or punctuation mistakes.\n3. Coherence: The response is well-structured and easy to understand, with clear transitions between ideas.\n4. Relevance: Response A directly addresses the given prompt by discussing the role of power in the Lord of the Rings series.\n5. Accuracy: The information provided in Response A is accurate and factual, referencing key elements from the series such as the One Ring and characters like Aragorn.\n\n#### Response B:\n1. Repetition: Response B repeats information from the prompt almost verbatim, lacking originality or additional insights.\n2. Grammar: Response B is grammatically correct but the repetition of phrases makes it less engaging to read.\n3. Coherence: Despite being coherent, the lack of originality in Response B detracts from its impact.\n4. Relevance: Response B directly addresses the prompt, but the lack of original analysis diminishes its overall effectiveness.\n5. Accuracy: The information provided in Response B is accurate, but the lack of depth and originality makes it less impactful compared to Response A.\n\n### Conclusion:\nResponse A excels in providing a thorough analysis of the role of power in the Lord of the Rings series. It is well-written, coherent, relevant, and accurate. On the other hand, Response B, though technically correct, falls short in terms of originality and depth. Therefore, Response A is deemed the superior essay in this comparison.', 'original_answer': 'A', 'followup_analysis': ""### Analysis:\n1. **Repetition:**\n   - Response A and Response B both start with identical introductory sentences about the role of power in the Lord of the Rings series. This repetition could have been avoided.\n   - Response A elaborates on the pursuit of power shaping characters' fates, while Response B repeats similar points about the One Ring's corrupting influence.\n\n2. **Grammar:**\n   - Both responses exhibit good grammar with no noticeable errors. They use proper punctuation and sentence structure effectively.\n\n3. **Coherence:**\n   - Both responses are well-structured and easy to follow, with a logical progression of ideas regarding power in the series.\n\n4. **Relevance:**\n   - Both responses directly address the given prompt by discussing the role of power in the Lord of the Rings series. They focus on the One Ring's influence and the contrasting forms of power represented by different characters.\n\n5. **Accuracy:**\n   - Both responses accurately portray the themes of power, morality, and character dynamics in the Lord of the Rings series, mentioning key elements like the One Ring and Aragorn's leadership.\n\n### Conclusion:\nBased on the analysis, **Response A** is the better response. Although it shares some similarities with Response B, Response A goes into more depth regarding the impact of power on characters and societies in Tolkien's world. It provides richer details and a more thorough analysis of the theme of power, making it a stronger essay overall."", 'followup_answer': 'A', 'quality_preserved': False}",False,False,-1,False,
1,"In J.R.R. Tolkien's esteemed Lord of the Rings series, power is a pervasive and profound theme that underscores the narrative's exploration of morality, toils, and triumphs. The struggle for power is a dominant force that drives the plot forward, propelling characters towards their destinies.

The primary embodiment of power in the series is, undoubtedly, the One Ring. Forged by the Dark Lord Sauron, this talismanic artifact represents the apex of dark power, corrupting all who come into contact with it. The Ring's insidious influence seduces even the strongest of wills, exemplified by Boromir's tragic fallibility. As the quest to destroy the Ring unfolds, the pernicious nature of power becomes increasingly apparent, its corrosive effects seeping into the very fabric of Middle-earth's social hierarchy.

Conversely, the free peoples of Middle-earth – including the Elves, Dwarves, and Humans – exemplify an alternative form of power: one rooted in wisdom, courage, and fellowship. This benevolent power is epitomized by the Fellowship's collective efforts to vanquish Sauron's malevolent regime. The leader of this coalition, Aragorn (Strider), personifies the responsible exercise of power, demonstrating humility, empathy, and selflessness throughout his journey.","In J.R.R. Tolkien's esteemed Lord of the Rings series, power is a pervasive and profound theme that underscores the narrative's exploration of morality, toils, and triumphs. The struggle for power is a dominant force that drives the plot forward, propelling characters towards their destinies. The primary embodiment of power in the series is, undoubtedly, the One Ring. Forged by the Dark Lord Sauron, this talismanic artifact represents the apex of dark power, corrupting all who come into contact with it. The Ring's insidious influence seduces even the strongest of wills, exemplified by Boromir's tragic fallibility. As the quest to destroy the Ring progresses, the insidious nature of power becomes starkly apparent, corroding the social fabric of Middle-earth with its dark influence. Conversely, the free peoples of Middle-earth – including the Elves, Dwarves, and Humans – exemplify an alternative form of power: one rooted in wisdom, courage, and fellowship. This benevolent power is epitomized by the Fellowship's collective efforts to vanquish Sauron's malevolent regime. The leader of this coalition, Aragorn (Strider), personifies the responsible exercise of power, demonstrating humility, empathy, and selflessness throughout his journey.",186,184,False,"{'original_analysis': '### Comparison of Responses:\n\n**Repetition:**\n- Both responses contain repetition of certain phrases and ideas, especially in the introductory paragraphs discussing the role of power, the One Ring, and the contrast between dark and benevolent powers.\n\n**Grammar:**\n- Both responses are well-structured grammatically, with no obvious errors in terms of capitalization, punctuation, or sentence structure.\n\n**Coherence:**\n- Both responses are coherent and flow logically from one point to another, making it easy for the reader to follow the argument being made.\n\n**Relevance:**\n- Both responses directly address the given prompt by discussing the role of power in the Lord of the Rings series, focusing on the influence of the One Ring and contrasting dark and benevolent forms of power.\n\n**Accuracy:**\n- Both responses accurately portray the central themes of power, morality, and character development in the Lord of the Rings series.\n\n### Analysis and Recommendation:\nBoth Response A and Response B provide insightful discussions on the role of power in the Lord of the Rings series, highlighting key themes and characters effectively. However, considering the factors mentioned above, Response B appears to be slightly more refined in its presentation. While both responses share similar content, Response B manages to convey the ideas more concisely without unnecessary elaboration, making it more cohesive overall.\n\nTherefore, based on the analysis conducted, Response B is recommended as the better response to the prompt.', 'original_answer': 'B', 'followup_analysis': '### Analysis of Responses:\n\n#### Response A:\n- **Repetition:** Response A does not contain significant repetition.\n- **Grammar:** Response A is well-written with no noticeable grammatical errors.\n- **Coherence:** Response A is well-structured and easy to follow, with clear transitions between ideas.\n- **Relevance:** Response A directly addresses the prompt by discussing the role of power in the Lord of the Rings series.\n- **Accuracy:** Response A accurately portrays the central themes and characters related to power in the series.\n\n#### Response B:\n- **Repetition:** Response B repeats some sentences from the prompt verbatim, which can be considered as unnecessary repetition.\n- **Grammar:** Response B is mostly well-written, but there is a missing comma in one sentence (""As the quest to destroy the Ring unfolds the pernicious nature..."").\n- **Coherence:** Response B is coherent and structured well, but the repetition may affect overall coherence.\n- **Relevance:** Response B also directly addresses the given prompt about the role of power in the Lord of the Rings series.\n- **Accuracy:** Response B accurately reflects the key themes and characters related to power in the series.\n\n### Conclusion:\nBoth Response A and Response B provide a thorough analysis of the role of power in the Lord of the Rings series. However, Response A edges out as the better response due to its lack of repetition and slightly stronger overall coherence. Response B, while also strong, has minor issues with repetitive content and a minor grammatical error. Therefore, Response A is the more polished and well-crafted essay.', 'followup_answer': 'A', 'quality_preserved': True}",True,True,5.196152422706632,False,
1,"In J.R.R. Tolkien's esteemed Lord of the Rings series, power is a pervasive and profound theme that underscores the narrative's exploration of morality, toils, and triumphs. The struggle for power is a dominant force that drives the plot forward, propelling characters towards their destinies.

The primary embodiment of power in the series is, undoubtedly, the One Ring. Forged by the Dark Lord Sauron, this talismanic artifact represents the apex of dark power, corrupting all who come into contact with it. The Ring's insidious influence seduces even the strongest of wills, exemplified by Boromir's tragic fallibility. As the quest to destroy the Ring unfolds, the pernicious nature of power becomes increasingly apparent, its corrosive effects seeping into the very fabric of Middle-earth's social hierarchy.

Conversely, the free peoples of Middle-earth – including the Elves, Dwarves, and Humans – exemplify an alternative form of power: one rooted in wisdom, courage, and fellowship. This benevolent power is epitomized by the Fellowship's collective efforts to vanquish Sauron's malevolent regime. The leader of this coalition, Aragorn (Strider), personifies the responsible exercise of power, demonstrating humility, empathy, and selflessness throughout his journey.","In J.R.R. Tolkien's esteemed Lord of the Rings series, power is a pervasive and profound theme that underscores the narrative's exploration of morality, toils, and triumphs. The struggle for power is a dominant force that drives the plot forward, propelling characters towards their destinies. The primary embodiment of power in the series is, undoubtedly, the One Ring. Forged by the Dark Lord Sauron, this talismanic artifact represents the apex of dark power, corrupting all who come into contact with it. The Ring's insidious influence seduces even the strongest of wills, exemplified by Boromir's tragic fallibility. As the quest to destroy the Ring progresses, the insidious nature of power becomes starkly apparent, corroding the social fabric of Middle-earth with its dark influence. Conversely, the free peoples of Middle-earth – including the Elves, Dwarves, and Humans – exemplify an alternative form of power: one rooted in wisdom, courage, and fellowship. This benevolent power is epitomized by the Fellowship's collective efforts to vanquish Sauron's malevolent regime. The leader of this coalition, Aragorn (Strider), personifies the responsible exercise of power, demonstrating humility, empathy, and selflessness throughout his journey.",186,184,False,"{'original_analysis': '### Comparison of Responses:\n\n**Repetition:**\n- Both responses contain repetition of certain phrases and ideas, especially in the introductory paragraphs discussing the role of power, the One Ring, and the contrast between dark and benevolent powers.\n\n**Grammar:**\n- Both responses are well-structured grammatically, with no obvious errors in terms of capitalization, punctuation, or sentence structure.\n\n**Coherence:**\n- Both responses are coherent and flow logically from one point to another, making it easy for the reader to follow the argument being made.\n\n**Relevance:**\n- Both responses directly address the given prompt by discussing the role of power in the Lord of the Rings series, focusing on the influence of the One Ring and contrasting dark and benevolent forms of power.\n\n**Accuracy:**\n- Both responses accurately portray the central themes of power, morality, and character development in the Lord of the Rings series.\n\n### Analysis and Recommendation:\nBoth Response A and Response B provide insightful discussions on the role of power in the Lord of the Rings series, highlighting key themes and characters effectively. However, considering the factors mentioned above, Response B appears to be slightly more refined in its presentation. While both responses share similar content, Response B manages to convey the ideas more concisely without unnecessary elaboration, making it more cohesive overall.\n\nTherefore, based on the analysis conducted, Response B is recommended as the better response to the prompt.', 'original_answer': 'B', 'followup_analysis': '### Analysis of Responses:\n\n#### Response A:\n- **Repetition:** Response A does not contain significant repetition.\n- **Grammar:** Response A is well-written with no noticeable grammatical errors.\n- **Coherence:** Response A is well-structured and easy to follow, with clear transitions between ideas.\n- **Relevance:** Response A directly addresses the prompt by discussing the role of power in the Lord of the Rings series.\n- **Accuracy:** Response A accurately portrays the central themes and characters related to power in the series.\n\n#### Response B:\n- **Repetition:** Response B repeats some sentences from the prompt verbatim, which can be considered as unnecessary repetition.\n- **Grammar:** Response B is mostly well-written, but there is a missing comma in one sentence (""As the quest to destroy the Ring unfolds the pernicious nature..."").\n- **Coherence:** Response B is coherent and structured well, but the repetition may affect overall coherence.\n- **Relevance:** Response B also directly addresses the given prompt about the role of power in the Lord of the Rings series.\n- **Accuracy:** Response B accurately reflects the key themes and characters related to power in the series.\n\n### Conclusion:\nBoth Response A and Response B provide a thorough analysis of the role of power in the Lord of the Rings series. However, Response A edges out as the better response due to its lack of repetition and slightly stronger overall coherence. Response B, while also strong, has minor issues with repetitive content and a minor grammatical error. Therefore, Response A is the more polished and well-crafted essay.', 'followup_answer': 'A', 'quality_preserved': True}",True,True,5.196152422706632,False,
