step_num,current_text,mutated_text,current_text_len,mutated_text_len,length_issue,quality_analysis,quality_preserved,watermark_detected,watermark_score,backtrack,timestamp
0,"A bipartisan bill on climate change could have significant implications for local economies across the United States. Here are some potential effects to consider:

**Positive Impacts:**

1. **Job Creation:** A comprehensive climate bill could create new job opportunities in industries related to clean energy, and sustainable infrastructure development, an economic boost for local communities.
2. **Investment Attraction:** Bipartisan support for climate action can attract investors seeking to capitalize on emerging green technologies, to locate in areas with favorable policies, enhancing local economic growth.
3. **Increased Competitiveness:** By embracing a low-carbon economy, is expected to increase competitiveness of businesses operating in those regions, (reducing operational costs) and attracting customers who value environmentally responsible practices.
4. **Enhanced Infrastructure:** Climate-resilient infrastructure investments can improve quality of life, reducing risks associated with extreme weather events, ensuring continued economic activity.

**Challenges and Opportunities for Local Economies:**

1. **Transition Support:** Workers in fossil fuel-based industries may require training and support to adapt to new job opportunities in the clean energy sector.
2. **Economic Disruption:** The transition to a low-carbon economy might disrupt traditional industries, to mitigate this impact, it's essential to provide targeted support for workers and communities affected.","A bipartisan bill on climate change could have significant implications for local economies across the United States. The potential effects of a bipartisan climate bill on local economies are multifaceted and far-reaching, with both opportunities and challenges arising from this significant policy shift. **Job Creation:** A comprehensive climate bill could create new job opportunities in industries related to clean energy, and sustainable infrastructure development, an economic boost for local communities. 2. **Investment Attraction:** Bipartisan support for climate action can attract investors seeking to capitalize on emerging green technologies, to locate in areas with favorable policies, enhancing local economic growth. 3. **Increased Competitiveness:** By embracing a low-carbon economy, is expected to increase competitiveness of businesses operating in those regions, (reducing operational costs) and attracting customers who value environmentally responsible practices. 4. **Enhanced Infrastructure:** Climate-resilient infrastructure investments can improve quality of life, reducing risks associated with extreme weather events, ensuring continued economic activity. **Challenges and Opportunities for Local Economies:**

1. **Transition Support:** Workers in fossil fuel-based industries may require training and support to adapt to new job opportunities in the clean energy sector. 2. **Economic Disruption:** The transition to a low-carbon economy might disrupt traditional industries, to mitigate this impact, it's essential to provide targeted support for workers and communities affected.",193,209,True,{},False,False,-1,False,
1,"A bipartisan bill on climate change could have significant implications for local economies across the United States. Here are some potential effects to consider:

**Positive Impacts:**

1. **Job Creation:** A comprehensive climate bill could create new job opportunities in industries related to clean energy, and sustainable infrastructure development, an economic boost for local communities.
2. **Investment Attraction:** Bipartisan support for climate action can attract investors seeking to capitalize on emerging green technologies, to locate in areas with favorable policies, enhancing local economic growth.
3. **Increased Competitiveness:** By embracing a low-carbon economy, is expected to increase competitiveness of businesses operating in those regions, (reducing operational costs) and attracting customers who value environmentally responsible practices.
4. **Enhanced Infrastructure:** Climate-resilient infrastructure investments can improve quality of life, reducing risks associated with extreme weather events, ensuring continued economic activity.

**Challenges and Opportunities for Local Economies:**

1. **Transition Support:** Workers in fossil fuel-based industries may require training and support to adapt to new job opportunities in the clean energy sector.
2. **Economic Disruption:** The transition to a low-carbon economy might disrupt traditional industries, to mitigate this impact, it's essential to provide targeted support for workers and communities affected.","A bipartisan bill on climate change could have significant implications for local economies across the United States. Here are some potential effects to consider:

**Positive Impacts:**

1. **Job Creation:** A comprehensive climate bill could create new job opportunities in industries related to clean energy, and sustainable infrastructure development, an economic boost for local communities. 2. Bipartisan climate action can draw investors seeking green tech opportunities to areas with supportive policies, boosting local economies. 3. **Increased Competitiveness:** By embracing a low-carbon economy, is expected to increase competitiveness of businesses operating in those regions, (reducing operational costs) and attracting customers who value environmentally responsible practices. 4. **Enhanced Infrastructure:** Climate-resilient infrastructure investments can improve quality of life, reducing risks associated with extreme weather events, ensuring continued economic activity. **Challenges and Opportunities for Local Economies:**

1. **Transition Support:** Workers in fossil fuel-based industries may require training and support to adapt to new job opportunities in the clean energy sector. 2. **Economic Disruption:** The transition to a low-carbon economy might disrupt traditional industries, to mitigate this impact, it's essential to provide targeted support for workers and communities affected.",193,183,True,{},False,False,-1,False,
1,"A bipartisan bill on climate change could have significant implications for local economies across the United States. Here are some potential effects to consider:

**Positive Impacts:**

1. **Job Creation:** A comprehensive climate bill could create new job opportunities in industries related to clean energy, and sustainable infrastructure development, an economic boost for local communities.
2. **Investment Attraction:** Bipartisan support for climate action can attract investors seeking to capitalize on emerging green technologies, to locate in areas with favorable policies, enhancing local economic growth.
3. **Increased Competitiveness:** By embracing a low-carbon economy, is expected to increase competitiveness of businesses operating in those regions, (reducing operational costs) and attracting customers who value environmentally responsible practices.
4. **Enhanced Infrastructure:** Climate-resilient infrastructure investments can improve quality of life, reducing risks associated with extreme weather events, ensuring continued economic activity.

**Challenges and Opportunities for Local Economies:**

1. **Transition Support:** Workers in fossil fuel-based industries may require training and support to adapt to new job opportunities in the clean energy sector.
2. **Economic Disruption:** The transition to a low-carbon economy might disrupt traditional industries, to mitigate this impact, it's essential to provide targeted support for workers and communities affected.","A bipartisan bill on climate change could have significant implications for local economies across the United States. Here are some potential effects to consider:

**Positive Impacts:**

1. **Job Creation:** A comprehensive climate bill could create new job opportunities in industries related to clean energy, and sustainable infrastructure development, an economic boost for local communities. 2. Bipartisan climate action can draw investors seeking green tech opportunities to areas with supportive policies, boosting local economies. 3. **Increased Competitiveness:** By embracing a low-carbon economy, is expected to increase competitiveness of businesses operating in those regions, (reducing operational costs) and attracting customers who value environmentally responsible practices. 4. **Enhanced Infrastructure:** Climate-resilient infrastructure investments can improve quality of life, reducing risks associated with extreme weather events, ensuring continued economic activity. **Challenges and Opportunities for Local Economies:**

1. **Transition Support:** Workers in fossil fuel-based industries may require training and support to adapt to new job opportunities in the clean energy sector. 2. **Economic Disruption:** The transition to a low-carbon economy might disrupt traditional industries, to mitigate this impact, it's essential to provide targeted support for workers and communities affected.",193,183,True,{},False,False,-1,False,
2,"A bipartisan bill on climate change could have significant implications for local economies across the United States. Here are some potential effects to consider:

**Positive Impacts:**

1. **Job Creation:** A comprehensive climate bill could create new job opportunities in industries related to clean energy, and sustainable infrastructure development, an economic boost for local communities.
2. **Investment Attraction:** Bipartisan support for climate action can attract investors seeking to capitalize on emerging green technologies, to locate in areas with favorable policies, enhancing local economic growth.
3. **Increased Competitiveness:** By embracing a low-carbon economy, is expected to increase competitiveness of businesses operating in those regions, (reducing operational costs) and attracting customers who value environmentally responsible practices.
4. **Enhanced Infrastructure:** Climate-resilient infrastructure investments can improve quality of life, reducing risks associated with extreme weather events, ensuring continued economic activity.

**Challenges and Opportunities for Local Economies:**

1. **Transition Support:** Workers in fossil fuel-based industries may require training and support to adapt to new job opportunities in the clean energy sector.
2. **Economic Disruption:** The transition to a low-carbon economy might disrupt traditional industries, to mitigate this impact, it's essential to provide targeted support for workers and communities affected.","A bipartisan bill on climate change could have significant implications for local economies across the United States. Here are some potential effects to consider:

**Positive Impacts:**

1. **Job Creation:** A comprehensive climate bill could create new job opportunities in industries related to clean energy, and sustainable infrastructure development, an economic boost for local communities. By embracing a low-carbon economy, businesses operating in those regions can gain a competitive edge, reducing operational costs and attracting customers who value environmentally responsible practices. **Investment Attraction:** Bipartisan support for climate action can attract investors seeking to capitalize on emerging green technologies, to locate in areas with favorable policies, enhancing local economic growth. 3. **Increased Competitiveness:** By embracing a low-carbon economy, is expected to increase competitiveness of businesses operating in those regions, (reducing operational costs) and attracting customers who value environmentally responsible practices. 4. **Enhanced Infrastructure:** Climate-resilient infrastructure investments can improve quality of life, reducing risks associated with extreme weather events, ensuring continued economic activity. **Challenges and Opportunities for Local Economies:**

1. **Transition Support:** Workers in fossil fuel-based industries may require training and support to adapt to new job opportunities in the clean energy sector. 2. **Economic Disruption:** The transition to a low-carbon economy might disrupt traditional industries, to mitigate this impact, it's essential to provide targeted support for workers and communities affected.",193,218,True,{},False,False,-1,False,
2,"A bipartisan bill on climate change could have significant implications for local economies across the United States. Here are some potential effects to consider:

**Positive Impacts:**

1. **Job Creation:** A comprehensive climate bill could create new job opportunities in industries related to clean energy, and sustainable infrastructure development, an economic boost for local communities.
2. **Investment Attraction:** Bipartisan support for climate action can attract investors seeking to capitalize on emerging green technologies, to locate in areas with favorable policies, enhancing local economic growth.
3. **Increased Competitiveness:** By embracing a low-carbon economy, is expected to increase competitiveness of businesses operating in those regions, (reducing operational costs) and attracting customers who value environmentally responsible practices.
4. **Enhanced Infrastructure:** Climate-resilient infrastructure investments can improve quality of life, reducing risks associated with extreme weather events, ensuring continued economic activity.

**Challenges and Opportunities for Local Economies:**

1. **Transition Support:** Workers in fossil fuel-based industries may require training and support to adapt to new job opportunities in the clean energy sector.
2. **Economic Disruption:** The transition to a low-carbon economy might disrupt traditional industries, to mitigate this impact, it's essential to provide targeted support for workers and communities affected.","A bipartisan bill on climate change could have significant implications for local economies across the United States. Here are some potential effects to consider:

**Positive Impacts:**

1. **Job Creation:** A comprehensive climate bill could create new job opportunities in industries related to clean energy, and sustainable infrastructure development, an economic boost for local communities. By embracing a low-carbon economy, businesses operating in those regions can gain a competitive edge, reducing operational costs and attracting customers who value environmentally responsible practices. **Investment Attraction:** Bipartisan support for climate action can attract investors seeking to capitalize on emerging green technologies, to locate in areas with favorable policies, enhancing local economic growth. 3. **Increased Competitiveness:** By embracing a low-carbon economy, is expected to increase competitiveness of businesses operating in those regions, (reducing operational costs) and attracting customers who value environmentally responsible practices. 4. **Enhanced Infrastructure:** Climate-resilient infrastructure investments can improve quality of life, reducing risks associated with extreme weather events, ensuring continued economic activity. **Challenges and Opportunities for Local Economies:**

1. **Transition Support:** Workers in fossil fuel-based industries may require training and support to adapt to new job opportunities in the clean energy sector. 2. **Economic Disruption:** The transition to a low-carbon economy might disrupt traditional industries, to mitigate this impact, it's essential to provide targeted support for workers and communities affected.",193,218,True,{},False,False,-1,False,
2,"A bipartisan bill on climate change could have significant implications for local economies across the United States. Here are some potential effects to consider:

**Positive Impacts:**

1. **Job Creation:** A comprehensive climate bill could create new job opportunities in industries related to clean energy, and sustainable infrastructure development, an economic boost for local communities.
2. **Investment Attraction:** Bipartisan support for climate action can attract investors seeking to capitalize on emerging green technologies, to locate in areas with favorable policies, enhancing local economic growth.
3. **Increased Competitiveness:** By embracing a low-carbon economy, is expected to increase competitiveness of businesses operating in those regions, (reducing operational costs) and attracting customers who value environmentally responsible practices.
4. **Enhanced Infrastructure:** Climate-resilient infrastructure investments can improve quality of life, reducing risks associated with extreme weather events, ensuring continued economic activity.

**Challenges and Opportunities for Local Economies:**

1. **Transition Support:** Workers in fossil fuel-based industries may require training and support to adapt to new job opportunities in the clean energy sector.
2. **Economic Disruption:** The transition to a low-carbon economy might disrupt traditional industries, to mitigate this impact, it's essential to provide targeted support for workers and communities affected.","A bipartisan bill on climate change could have significant implications for local economies across the United States. Here are some potential effects to consider:

**Positive Impacts:**

1. **Job Creation:** A comprehensive climate bill could create new job opportunities in industries related to clean energy, and sustainable infrastructure development, an economic boost for local communities. By embracing a low-carbon economy, businesses operating in those regions can gain a competitive edge, reducing operational costs and attracting customers who value environmentally responsible practices. **Investment Attraction:** Bipartisan support for climate action can attract investors seeking to capitalize on emerging green technologies, to locate in areas with favorable policies, enhancing local economic growth. 3. **Increased Competitiveness:** By embracing a low-carbon economy, is expected to increase competitiveness of businesses operating in those regions, (reducing operational costs) and attracting customers who value environmentally responsible practices. 4. **Enhanced Infrastructure:** Climate-resilient infrastructure investments can improve quality of life, reducing risks associated with extreme weather events, ensuring continued economic activity. **Challenges and Opportunities for Local Economies:**

1. **Transition Support:** Workers in fossil fuel-based industries may require training and support to adapt to new job opportunities in the clean energy sector. 2. **Economic Disruption:** The transition to a low-carbon economy might disrupt traditional industries, to mitigate this impact, it's essential to provide targeted support for workers and communities affected.",193,218,True,{},False,False,-1,False,
